Gene name,Log fold change,Adjusted p-value,KO1,KO3,KO4,WT5,WT6,WT7
Gm19897,-8.69,1.5332347895327416e-5,0,1,0,245,310,327
Sirt2,-3.06,1.5332347895327416e-5,118,77,95,1105,1434,1569
Gpatch4,2.29,1.5332347895327416e-5,2105,1230,2046,437,667,755
Lyar,2.08,2.2080459580552504e-5,1207,783,1296,316,493,508
Cdk11b,2.24,2.2080459580552504e-5,3119,1906,2661,643,1002,1138
Gm6988,2.69,2.2080459580552504e-5,806,569,1089,146,211,292
Gm34448,3.29,2.2080459580552504e-5,756,356,666,61,121,123
Zrsr2,2.22,2.441210691290033e-5,1154,610,1077,244,391,379
Eif5b,2.54,3.325459936040138e-5,10274,5577,8124,1544,2600,2888
Rabep2,-2.38,3.397406864373573e-5,939,439,970,4994,7539,7493
Gpx4,-1.9,3.397406864373573e-5,231,169,290,1142,1549,1623
Upf3b,1.96,3.397406864373573e-5,1728,879,1478,440,615,702
Zrsr2-ps1,1.96,3.397406864373573e-5,1381,979,1451,369,625,697
Smim11,2.1,3.397406864373573e-5,3189,1580,3120,830,967,1242
Pdap1,2.12,3.397406864373573e-5,3868,2151,3507,825,1320,1583
Taf15,2.24,3.397406864373573e-5,1894,1228,1860,376,737,703
Dusp26,2.58,3.397406864373573e-5,1986,1547,1705,417,445,653
Nsrp1,1.95,3.5040536670826746e-5,1811,1034,1425,460,677,740
Anp32b,2.21,3.5040536670826746e-5,6641,3035,5567,1398,1845,2220
Utp3,1.56,4.116047041639472e-5,2156,1309,2268,837,1120,1295
Cfdp1,1.59,4.116047041639472e-5,1182,741,1158,439,562,729
Brd4,1.8,4.116047041639472e-5,1350,921,1338,411,587,789
Zc3h13,1.86,4.116047041639472e-5,1210,665,970,323,475,531
Ankrd11,1.61,4.1884505560904176e-5,2414,1661,2574,905,1334,1468
Gigyf2,1.56,4.220933595805528e-5,1299,832,1246,478,698,774
Ncl,1.93,5.24450982424891e-5,13493,8696,14279,3705,6064,6513
Ccnk,1.7,5.603671255212739e-5,3419,2558,4206,1388,1837,2057
Ddx46,1.53,5.6721878977665e-5,1843,1056,1765,669,987,1053
Dnajc2,1.67,5.834371479022269e-5,1755,973,1540,567,849,829
Asdurf,1.85,6.669141636732167e-5,1278,753,1241,393,612,508
Srp19,1.65,6.829203740645624e-5,2082,1113,1675,661,905,1032
AY036118,-4,7.6076517789811e-5,1744,1490,1701,38159,29746,71078
Col5a3,-2.04,7.939677677779447e-5,177,74,153,665,952,1147
Polr3gl,1.72,7.939677677779447e-5,1854,1219,2418,674,1044,1070
Hirip3,1.92,7.939677677779447e-5,466,246,428,110,192,206
Coq10b,-1.95,8.0731338846656e-5,253,144,203,940,1189,1840
Tcf7,-1.82,8.079302377089406e-5,237,178,217,1115,1261,1406
Rbm25,1.5,8.079302377089406e-5,4258,2605,3806,1589,2248,2575
Rpl23,1.6,8.079302377089406e-5,3250,2257,3545,1220,1962,1874
Abcf1,1.82,8.079302377089406e-5,4171,2235,3192,1066,1728,1805
Cdv3-ps,2.58,8.079302377089406e-5,940,534,615,121,240,244
Eapp,1.41,8.680263211720114e-5,973,709,1051,460,614,673
Abi3,1.69,9.258668968439392e-5,3608,2710,4946,1522,2028,2319
Mrps5,1.96,9.866177802135277e-5,1627,931,1210,357,554,762
Zbtb16,2.05,9.866177802135277e-5,2836,1328,2606,548,1001,1207
Pik3r1,1.36,1.0606572396148071e-4,1427,841,1287,574,848,915
Phospho1,1.7,1.0606572396148071e-4,3755,2872,5260,1597,2143,2404
Rbm17,1.33,1.1304669636073217e-4,1177,742,1189,494,717,900
Supt6,1.43,1.1304669636073217e-4,1591,1189,1910,738,1097,1116
Hnrnpul2,1.47,1.1304669636073217e-4,3649,2188,3694,1320,2125,2402
Upf3a,1.47,1.1304669636073217e-4,690,371,670,258,341,446
Ik,1.55,1.1304669636073217e-4,4419,2657,3706,1518,2081,2713
Eif3j2,1.64,1.1304669636073217e-4,4416,2198,4635,1519,2164,2249
Rpl35,1.78,1.1304669636073217e-4,1795,1096,2533,663,907,1046
Gm36875,1.99,1.1304669636073217e-4,281,221,310,84,142,124
Ube2s,2.71,1.1304669636073217e-4,226,147,237,26,54,82
Fus,1.72,1.1442962856550435e-4,2034,1739,2675,765,1152,1469
Bms1,1.4,1.1590122250148208e-4,1349,838,1478,532,871,953
Zmat2,1.72,1.207189503486843e-4,3853,1821,3405,1025,1589,2008
Zswim9,1.88,1.207189503486843e-4,582,308,500,198,201,218
Eif3a,1.63,1.2181232466397816e-4,8734,5644,8889,2934,5069,4769
Pnn,1.67,1.2238011104046142e-4,2536,1511,1961,714,1166,1368
Smc1a,1.36,1.2559330670776386e-4,2041,1146,1723,790,1123,1309
Itgb6,-1.49,1.2850745612041494e-4,236,169,246,690,1130,1333
Fip1l1,1.22,1.2850745612041494e-4,916,624,955,454,636,732
Pals2,1.26,1.2850745612041494e-4,1862,1080,1987,888,1200,1349
Cwc15,1.36,1.2850745612041494e-4,3183,1970,3480,1337,1955,2423
Rere,1.41,1.2850745612041494e-4,2581,1722,3143,1111,1644,2010
Aimp1,1.44,1.2850745612041494e-4,3833,2596,3740,1526,2471,2403
Psmd7,1.52,1.2850745612041494e-4,6331,3408,6486,2196,3417,3865
Nudc,1.57,1.2850745612041494e-4,1615,1275,2064,660,927,1284
Nabp2,1.63,1.2850745612041494e-4,1053,758,1463,401,627,768
Tchp,2.12,1.2850745612041494e-4,177,141,262,54,79,92
Gm7967,3.3,1.2850745612041494e-4,282,87,240,32,31,35
Snrpd3,1.28,1.2938382775968814e-4,2549,1753,2578,1170,1705,1983
Prpf38b,1.38,1.2938382775968814e-4,1852,1097,1768,686,1080,1334
Hnrnpd,1.21,1.3002191535938494e-4,2023,1232,2000,944,1309,1581
Rtf1,1.41,1.3315848798223348e-4,1666,1008,1360,622,951,1013
Snrnp48,1.34,1.340790825649158e-4,490,335,490,217,297,372
Isy1,1.44,1.340790825649158e-4,736,397,632,281,342,469
Eif2s2,1.49,1.3851332248909605e-4,5885,3059,6042,2254,3240,3284
Anp32a,1.71,1.3984892879703685e-4,3033,1658,2106,895,1125,1519
Wbp11,1.22,1.405558644617551e-4,862,580,883,427,619,648
Ppm1g,1.24,1.4241329947937067e-4,1001,608,1091,474,644,814
Gm38664,-3.33,1.447343452183879e-4,6,8,11,127,142,155
Eef1g,1.32,1.447343452183879e-4,4572,2850,4906,1982,2837,3551
Polr1has,1.4,1.534037579133184e-4,961,516,1008,377,514,692
Gm26917,-3.88,1.5508453640146455e-4,5312,5765,6637,117603,96486,252765
Morf4l1-ps1,-1.41,1.5508453640146455e-4,273,146,254,745,1145,1088
Ranbp1,1.34,1.5508453640146455e-4,1101,605,1087,418,653,794
Ccdc9,1.41,1.5508453640146455e-4,810,514,953,345,454,651
Supt5,1.43,1.5508453640146455e-4,1786,1180,1900,659,1195,1249
Scand1,-1.5,1.560782600707561e-4,184,142,259,688,989,1119
Dynlrb1,1.19,1.560782600707561e-4,2417,1595,2362,1258,1640,1802
Arl3,1.3,1.560782600707561e-4,1957,1372,1793,884,1220,1481
Dnajc21,1.34,1.560782600707561e-4,4236,2294,3775,1743,2503,2536
Ccar1,1.43,1.560782600707561e-4,2117,1199,1612,755,1091,1268
Safb,1.57,1.560782600707561e-4,1395,1068,1860,559,808,1139
1700095B10Rik,1.82,1.560782600707561e-4,707,517,950,214,349,504
Spen,1.22,1.5639196964593681e-4,562,387,620,288,385,472
Ddx23,1.6,1.5639196964593681e-4,2045,1647,2665,768,1351,1517
Pdcl3,1.25,1.5749056084146082e-4,1479,1138,1583,793,1030,1189
Gm38561,1.59,1.5749056084146082e-4,354,188,347,132,149,212
Esf1,1.41,1.5918511425105672e-4,1412,725,1121,522,761,761
Hypk,1.35,1.6136799231989234e-4,2772,1694,3409,1295,1861,1972
Srrm1,1.36,1.6136799231989234e-4,1846,1377,1919,785,1314,1350
Rrbp1,1.53,1.6163182073516798e-4,2029,1300,1624,666,990,1323
Myo18b,1.47,1.6562001352184077e-4,5703,4414,7151,2483,3693,4578
Mphosph10,1.27,1.6794163006418373e-4,1036,679,896,459,616,774
Acin1,1.45,1.7278771379942678e-4,1975,1514,2593,861,1281,1672
Gm30283,-1.82,1.7283329503644726e-4,282,121,315,1155,1438,1481
Phf3,1.14,1.7283329503644726e-4,1207,704,1111,572,822,912
Lsm6,1.21,1.7283329503644726e-4,1541,980,1727,760,1162,1153
Top1,1.41,1.7283329503644726e-4,3129,1544,2522,1130,1494,1920
Arglu1,1.23,1.779892611264276e-4,2127,1280,2163,942,1527,1530
Slc41a3,-1.25,1.8036608202620012e-4,617,331,672,1612,2247,2558
Ndufs6,1.16,1.8036608202620012e-4,3966,2528,4045,2075,2748,3101
Lmod1,1.63,1.8036608202620012e-4,369,319,487,153,211,292
Gar1,1.71,1.8036608202620012e-4,256,162,351,101,138,152
Arl6ip4,1.2,1.8039240076662573e-4,899,679,1060,483,697,776
Paf1,1.2,1.819943136575208e-4,1274,852,1417,607,904,1130
Zc3h15,1.21,1.8222224123312002e-4,1767,1062,1897,866,1287,1244
Ddrgk1,1.31,1.8222224123312002e-4,1920,1463,2505,971,1422,1648
Nedd8,1.15,1.8353819478744392e-4,2856,1753,2956,1513,2020,2139
Serbp1,1.39,2.0216587635793064e-4,14898,9802,17397,6860,9113,11168
Gatc,1.28,2.0536452151655936e-4,1519,849,1209,634,808,1045
Nqo1,-1.71,2.062187361232557e-4,225,157,305,784,1573,1471
Cacfd1,1.26,2.062187361232557e-4,1462,842,1324,741,809,958
Ftsj3,1.32,2.062187361232557e-4,1314,935,1584,573,950,1121
3110082I17Rik,1.4,2.062187361232557e-4,253,171,267,108,159,178
Ndufs6b,1.72,2.062187361232557e-4,317,171,269,104,151,126
Klf5,2.59,2.062187361232557e-4,130,60,131,24,22,42
Gtf2f1,1.25,2.086053915782225e-4,1036,650,1088,446,650,893
Nasp,1.2,2.0926909743184007e-4,675,387,628,289,432,524
Myl12b,1.33,2.0926909743184007e-4,799,580,785,366,454,666
Sema3g,1.92,2.0926909743184007e-4,355,281,519,117,151,257
Dnajc7,1.23,2.0937219425545936e-4,4021,2787,3876,1835,2736,3245
Swi5,2.03,2.1141086334873184e-4,2914,3028,3166,863,1497,1633
Polr2a,1.1,2.1166965959305506e-4,1889,1312,1914,1038,1367,1665
Smc3,1.22,2.1312057030847042e-4,1379,839,1161,593,839,1055
Myo18a,1.18,2.1996290604775633e-4,3037,2040,3511,1501,2293,2624
Rbm6,1.22,2.1996290604775633e-4,847,474,783,346,554,635
Ccpg1,1.37,2.1996290604775633e-4,3152,2214,2666,1346,1985,2005
Cep250,1.51,2.1996290604775633e-4,216,155,244,95,115,156
Slc43a2,1.38,2.3277545101730234e-4,326,269,383,167,219,258
Nemf,1.18,2.3392036498353033e-4,1949,1082,1644,930,1209,1301
BC005624,1.39,2.3392036498353033e-4,947,606,1094,352,654,719
Naca,1.8,2.3392036498353033e-4,12512,9856,10046,3817,5435,7228
Dync2i1,1.84,2.3610658213710784e-4,880,425,822,194,431,376
Snrpd1,1.36,2.3623406652471075e-4,530,331,476,190,322,382
G430095P16Rik,1.7,2.3623406652471075e-4,406,275,614,174,201,290
Gm10052,1.22,2.387244827762402e-4,1396,1033,1581,663,1040,1272
Rdh5,-1.27,2.3963044938653778e-4,152,103,167,474,595,630
Aatf,1.25,2.4062981004300366e-4,328,228,378,174,218,269
Foxo4,1.29,2.4062981004300366e-4,2882,1967,3510,1506,2191,2025
Sem1,1.36,2.4062981004300366e-4,3466,2250,4200,1424,2518,2591
Dusp7,1.66,2.4418646174926764e-4,556,403,786,264,254,406
Aurka,-2.07,2.4644992436874624e-4,29,14,27,132,162,199
Spag7,1.17,2.4644992436874624e-4,3532,2067,3190,1557,2430,2635
Myh9,1.46,2.4644992436874624e-4,2010,1647,2418,877,1186,1793
Mir692-3,-2.75,2.466807626198359e-4,25,7,18,136,165,269
Ttc1,1.26,2.4955555397093634e-4,1466,777,1498,625,1010,954
Slu7,1.26,2.4955555397093634e-4,1614,925,1469,632,1115,1094
Rpl22,1.38,2.520778363924005e-4,6009,4298,8299,3159,4178,4638
Dhx9,1.08,2.53269391318084e-4,1073,659,951,562,752,833
Gm14681,1.17,2.53269391318084e-4,1194,629,1207,596,794,820
Ybx1,1.46,2.53269391318084e-4,16854,13300,22217,8383,11210,12594
Htatsf1,1.33,2.557805962255159e-4,5620,3859,5474,2400,4047,3730
C030006K11Rik,-1.28,2.590889147540928e-4,152,92,136,423,548,575
Krcc1,1.18,2.590889147540928e-4,1232,665,1205,619,696,954
Dnttip2,1.21,2.590889147540928e-4,1146,920,1338,662,918,913
Cwf19l2,1.34,2.590889147540928e-4,1666,810,1277,667,881,905
Zfp839,1.44,2.590889147540928e-4,283,224,348,125,180,238
Rrp15,1.47,2.590889147540928e-4,547,347,523,175,351,355
Wipf3,1.49,2.590889147540928e-4,737,489,804,278,357,609
Hnrnpa2b1,1.51,2.590889147540928e-4,22718,14362,19210,7535,11962,14607
Pet117,2.26,2.590889147540928e-4,102,108,136,33,41,51
Sh3bgr,1.88,2.594338621356637e-4,50831,20633,43392,12349,19680,19132
Flt1,1.66,2.6053395821344557e-4,1396,1209,1681,660,616,1055
Golgb1,1.19,2.612816427667145e-4,1174,775,1092,502,839,952
Cog7,1.23,2.612816427667145e-4,536,389,494,271,338,425
Dnajc8,1.22,2.672067902411251e-4,2471,1352,1942,1111,1369,1682
Rabac1,-1.52,2.7104999063282386e-4,467,206,520,1402,2045,2132
Mir3064,-1.42,2.7104999063282386e-4,296,261,361,933,1506,1854
Gm12174,-1.3,2.7104999063282386e-4,224,148,302,741,984,1033
Znhit6,1.38,2.7104999063282386e-4,649,330,675,248,418,385
Gm12514,3.42,2.7104999063282386e-4,101,39,115,16,9,13
Spcs2,1.14,2.7164498612657594e-4,1813,1194,2251,966,1422,1634
Gm31649,-5.14,2.766105565160081e-4,0,1,1,26,62,48
Pcnt,1.47,2.766105565160081e-4,1827,1732,2323,880,1210,1625
Gm29050,-1.67,2.8187896397978223e-4,52,28,58,199,248,282
Gm38983,1.9,2.855549347563534e-4,272,125,227,55,95,133
Mphosph8,1.4,2.85933383178898e-4,1431,797,1087,517,852,749
Lars2,-2.92,2.887342401351505e-4,533,483,649,5064,5146,12201
4930481A15Rik,-1.75,2.887342401351505e-4,147,97,250,685,1003,1070
Slc5a6,-1.66,2.887342401351505e-4,75,35,86,275,336,413
Las1l,1.2,2.887342401351505e-4,1748,959,1432,742,1157,1134
Sart1,1.25,2.887342401351505e-4,853,697,1123,456,645,829
Zcrb1,1.4,2.887342401351505e-4,3948,1703,3205,1410,1978,2117
Gpx3,2.11,2.887342401351505e-4,10096,5333,7503,2679,3534,2410
Zcchc9,1.13,2.990392289901505e-4,443,260,471,243,300,348
Gm12070,-2.05,3.002831303164193e-4,35,18,53,182,253,297
Pdk2,1.2,3.002831303164193e-4,9245,6662,10571,5259,6684,7464
Taf3,1.47,3.002831303164193e-4,488,274,471,186,311,241
Myh11,1.55,3.002831303164193e-4,2158,1339,1676,941,853,1155
Ppl,1.68,3.002831303164193e-4,423,190,492,133,190,247
Ankmy1,-1.43,3.0119032891839687e-4,240,105,210,697,770,986
Hsp90ab1,1.44,3.0119032891839687e-4,32788,17423,28913,11334,17699,20263
Trdn,1.82,3.013568811158483e-4,83535,40734,79292,22421,39237,33797
4921522P10Rik,-1.29,3.0578251758574964e-4,160,115,171,504,693,635
Tdg-ps2,4.47,3.0578251758574964e-4,61,43,73,6,0,7
Tmem14c,-1.09,3.0836269574460636e-4,258,144,252,618,770,929
Smpd5,-2.67,3.210342498963212e-4,11,5,16,97,109,133
Rsrc2,1.16,3.210342498963212e-4,3109,2011,2676,1653,1935,2319
Cox8b,-1.55,3.2715349583442176e-4,3643,2303,2711,11823,16326,14609
Rps14,-2.09,3.415313242596993e-4,770,385,1130,4777,5315,5397
Hnrnpu,1.1,3.415313242596993e-4,7885,5389,8317,4284,6019,6760
Gpatch11,1.33,3.415313242596993e-4,933,471,839,428,423,621
Sec63,0.94,3.450667851739926e-4,1335,800,1349,782,1053,1201
Junb,-1.86,3.452559903641564e-4,88,87,93,442,468,792
Angptl7,2.64,3.452559903641564e-4,5875,3277,3800,754,1689,1104
Safb2,1.52,3.54313902224174e-4,807,680,1140,317,605,671
Rplp2,1.31,3.570917200230599e-4,618,422,875,332,478,472
Traf3ip1,1.39,3.570917200230599e-4,203,151,217,89,139,143
Gm35438,-1.41,3.6121672155131423e-4,398,269,299,1208,1632,1531
Rabl6,1.11,3.621651306270144e-4,2612,1349,2376,1214,1815,1857
Ppp1r1a,1.39,0.00036296656845518466,1450,1220,1305,657,861,1137
Psma4,1.07,3.665138662160036e-4,4505,2478,4527,2383,3170,3590
Ppig,1.65,3.665138662160036e-4,3111,1356,1915,895,1244,1219
Polr1d,-0.98,3.680092941662883e-4,412,263,439,932,1349,1403
Tax1bp1,1.03,3.767852265447355e-4,3198,2272,3323,1777,2575,3010
Kin,1.1,3.770889932287861e-4,403,271,441,206,320,360
Lrp2bp,1.66,3.779271774436921e-4,235,220,321,99,172,151
Cbr2,-1.71,3.794780993068304e-4,190,95,169,654,1050,724
Luc7l3,1.07,3.837273333743368e-4,4552,2687,4021,2309,2947,3791
Ube2k,0.95,3.8439095742369027e-4,2047,1198,1926,1145,1546,1794
Bag1,1,3.8953562667917745e-4,3641,2502,3933,2146,2976,3444
Denr,0.95,3.9296060060594153e-4,1826,1041,1776,1029,1375,1612
Rab6b,-4.37,3.9918554849571405e-4,2,1,13,130,151,293
Gtpbp4,0.99,4.071495927737137e-4,1460,850,1434,881,1058,1189
Asrgl1,1.15,4.071495927737137e-4,923,734,1264,552,793,895
Tcerg1,1.19,4.071495927737137e-4,1056,653,1013,421,726,907
Alpk2,1.36,4.071495927737137e-4,1317,981,1033,577,825,838
Ubxn1,1.04,4.132733207503733e-4,3950,2345,4138,2045,2904,3634
Sltm,1.18,4.132733207503733e-4,1456,683,1184,591,862,997
Eif4ebp2,1.1,4.1385702139827335e-4,778,507,852,433,652,582
Rilpl1,1.14,4.2069353922912666e-4,6186,4251,5647,3046,4624,4857
2510002D24Rik,1.59,4.326192318406112e-4,484,347,359,146,253,297
Mafb,-1.18,4.3504962673277095e-4,495,392,668,1396,2053,2620
Gm11100,-1.07,4.3504962673277095e-4,291,198,368,808,990,1212
Drosha,1.01,4.3504962673277095e-4,954,677,1045,531,771,982
Cited4,-2.34,4.3847916075717084e-4,94,26,66,478,508,522
Epb41,0.97,4.3847916075717084e-4,1871,1257,1892,1058,1619,1668
H4c9,-2.52,4.39838682575261e-4,55,19,28,317,325,302
Irf2,1.07,4.39838682575261e-4,478,338,586,307,379,436
Gm40443,-1.36,4.428615959973984e-4,103,52,84,264,365,396
Adgrf5,1.24,4.5157618313899e-4,2390,1739,2322,1144,1403,2204
Cmip,1.33,4.5157618313899e-4,357,285,401,191,204,316
Oard1,1.25,4.532362756685921e-4,519,460,685,322,379,495
Uqcc6,-1.64,4.5386069026339787e-4,106,92,86,359,571,621
Slc16a10,-1.11,4.5386069026339787e-4,423,292,528,1129,1410,2024
Syf2,0.97,4.5386069026339787e-4,1228,846,1458,771,1105,1162
Gpatch8,1.04,4.5386069026339787e-4,762,556,753,415,642,673
Arid4b,1.12,4.5386069026339787e-4,782,431,744,348,596,572
Rp9,0.94,4.539916967728774e-4,732,514,769,445,638,703
Brd7,1.21,4.543903831979725e-4,2709,1596,2554,1051,1991,2036
Aldh4a1,-1.7,4.636488993642078e-4,267,212,198,1041,1108,1699
Dnase1,-1.62,4.636488993642078e-4,53,39,76,190,323,370
Gm16596,-1.13,4.636488993642078e-4,137,90,156,337,506,582
Gkap1,1.37,4.636488993642078e-4,469,284,445,188,333,255
Papss2,1.35,4.682912300327849e-4,203,150,242,112,138,141
Rpl6l,0.98,4.752541357986434e-4,785,476,712,451,537,695
Gm20346,1.44,4.778466278340448e-4,330,189,259,134,137,212
Gm49208,-1.35,4.8456217528379514e-4,153,97,206,431,753,770
Ap3d1,0.92,4.8456217528379514e-4,840,537,803,482,657,816
Rsrc1,1.02,4.8456217528379514e-4,529,303,585,306,395,459
Nrd1,1.08,4.8456217528379514e-4,4502,2889,4037,2197,3493,3524
Gm31305,1.27,4.8456217528379514e-4,2272,1452,1690,887,1453,1530
Ndufs5-ps,1.31,4.8456217528379514e-4,675,401,503,274,423,377
Hrc,1.47,4.8456217528379514e-4,46647,30650,45046,15790,28679,31741
A630019I02Rik,1.83,4.8456217528379514e-4,10407,6207,6507,2776,4674,3645
Dbnl,1.32,4.8487793985261743e-4,360,332,497,218,288,309
Aldoart2,3.33,4.8487793985261743e-4,93,111,168,6,26,33
Cep85l,1.42,4.887516320083685e-4,2710,2002,2374,991,1934,1667
Mrpl32,1,4.898735855828497e-4,1003,678,1059,670,740,877
Otud7b,0.92,4.996330163423344e-4,1440,912,1577,835,1250,1424
Fmo2,1.24,5.012354966375359e-4,534,487,717,312,428,536
Smarce1,1.01,5.068338553081197e-4,956,522,1037,555,681,832
Mir6948,2.61,5.077561689462302e-4,57,43,53,8,13,22
Tssc4,-1.06,5.086994378051756e-4,453,238,422,978,1214,1716
Ccdc77,1.47,5.086994378051756e-4,342,174,306,99,178,230
Crebbp,1.04,5.123955292868749e-4,659,514,776,377,584,665
Nop14,1.35,5.123955292868749e-4,762,604,867,313,636,574
Gas8,1.55,5.135632957157666e-4,142,94,171,59,70,106
Tufm,-1.22,5.142849084931134e-4,143,80,129,398,426,541
Hnrnpr,0.99,5.142849084931134e-4,872,486,818,496,656,657
Macrod2,1.7,5.142849084931134e-4,307,186,487,107,183,212
Cpeb1,-2.06,5.144558133637077e-4,338,128,268,1172,2228,1592
Gm12669,0.89,5.144558133637077e-4,1667,1092,1853,1055,1479,1655
Ubap2,1.07,5.144558133637077e-4,1580,1142,1647,781,1315,1517
Chd7,1.26,5.144558133637077e-4,704,384,865,370,495,468
Igf2,1.58,5.144656842767479e-4,1029,499,601,311,385,509
Acbd3,0.93,5.268639808744099e-4,519,320,508,298,423,469
Brk1,-1.08,5.319910879372236e-4,344,249,407,1024,1256,1244
Rnf20,0.98,5.319910879372236e-4,917,558,802,472,729,757
Ly6c2,4.44,5.319910879372236e-4,54,67,129,8,1,10
Paip2,0.95,5.321390436413163e-4,4111,2462,3896,2419,3167,3469
Gm53756,-3.01,5.390902660295985e-4,68,45,91,767,554,1453
Acaa1a,-1.31,5.390902660295985e-4,162,122,133,493,584,689
R3hdm1,1.08,5.390902660295985e-4,1361,801,1299,653,1116,982
R3hdm2,1.11,5.390902660295985e-4,2247,1369,1734,1142,1370,1696
Efcab2,1.2,5.390902660295985e-4,752,556,949,378,682,605
Pkp4,1.22,5.390902660295985e-4,415,266,418,241,274,264
6430548M08Rik,1.3,5.390902660295985e-4,361,258,447,164,229,351
Ovol1,1.36,5.390902660295985e-4,248,135,253,96,167,150
Ndufb9,1.36,5.390902660295985e-4,16228,12449,14725,8469,9647,10672
Ankrd12,1.25,5.425564386544353e-4,889,445,636,318,522,559
Stx4a,0.98,5.475746232692318e-4,1445,813,1406,730,1187,1219
Dkc1,0.98,5.475746232692318e-4,1185,610,1058,625,860,917
1700094J05Rik,1.89,5.475746232692318e-4,332,291,272,94,126,211
Uchl5,1.04,5.533672222393742e-4,981,549,861,436,698,845
Hcfc1r1,1.14,5.551071275407511e-4,1217,969,1223,593,1002,1103
Hnrnph3,1.57,5.551071275407511e-4,1273,949,1138,378,850,757
Dhx38,1.24,5.559767714198165e-4,377,260,470,180,248,371
R3hcc1,1.1,5.66719749352647e-4,454,252,461,222,354,332
Fam133b,1.08,5.674892459637048e-4,476,286,390,223,319,387
Cwc27,1.11,5.674892459637048e-4,770,488,637,367,581,542
Clta,1.11,5.674892459637048e-4,1161,835,1206,587,785,1194
Aen,1.05,5.681665749304577e-4,720,453,702,348,496,706
Knop1,1.12,5.681665749304577e-4,727,358,688,304,498,563
Tomm6,1.32,5.681665749304577e-4,686,540,890,320,441,707
Ubap2l,1.07,5.714805182835955e-4,1901,1267,1669,883,1451,1665
Kmt2e,1.08,5.737104028194009e-4,1484,1026,1222,750,1104,1181
Ncor2,1.04,5.809140901557326e-4,1563,1106,1982,887,1284,1677
Kat6a,0.95,5.835970527567432e-4,941,571,880,480,723,907
Ssbp1,1.02,5.835970527567432e-4,907,471,726,433,613,691
Cfap298,1.15,5.835970527567432e-4,682,400,871,403,455,592
Sap130,1.21,5.835970527567432e-4,218,164,227,114,147,190
Myh14,1.63,5.882295379983016e-4,861,885,1437,383,671,744
Dnajb12,1.17,5.93039494961225e-4,1052,872,1464,580,952,1063
Bcas2,0.89,5.948461630015691e-4,984,615,898,596,751,932
Zfp982,-2.48,5.979030592147512e-4,11,6,18,102,107,114
Tceal5,1.27,5.979030592147512e-4,898,583,631,375,548,588
Sod1,1.19,5.988268391631969e-4,4218,2952,6025,2384,3562,3709
Tpr,1.19,5.988268391631969e-4,3334,2055,2499,1392,2253,2288
Slc39a3,-1.38,6.054320254607785e-4,81,38,80,215,314,331
Ppard,1.3,6.183491308672684e-4,412,373,581,247,288,419
Podxl,1.25,6.185786331586829e-4,860,680,787,463,492,741
Lsm12,0.99,6.199573562795817e-4,910,562,1011,584,751,727
Tceal7,1.12,6.199573562795817e-4,1018,671,1315,661,690,945
Ndufa13,1.14,6.200229393609766e-4,8541,6738,10090,4956,7438,7221
Mfsd11,-1.3,6.210471489273733e-4,171,98,220,459,646,919
Parp4,1.12,6.210471489273733e-4,317,248,319,182,247,269
Polr1g,1.32,6.210471489273733e-4,408,361,632,230,362,360
Pole3,1.02,6.2743425559387e-4,610,328,503,321,410,458
Zc3h18,1.03,6.351622245072544e-4,702,409,709,341,593,571
Bod1l,1.13,6.351622245072544e-4,1241,798,986,537,911,935
Trappc2,-1.18,6.354984308371581e-4,117,64,112,286,419,405
Hnrnph2,0.89,6.354984308371581e-4,1660,1010,1528,950,1411,1474
Plin3,0.98,6.354984308371581e-4,895,626,1067,536,707,988
Sptbn1,1,6.354984308371581e-4,5648,3281,5495,3256,3773,5072
Mylk,0.91,6.356128432720278e-4,656,401,601,396,483,608
Ylpm1,1.11,6.356128432720278e-4,532,379,502,243,422,468
Psma5,1.04,6.368091084415889e-4,663,393,767,376,567,528
Hfe,-1.07,6.372130070857041e-4,169,92,169,402,478,628
Gm15418,-1.3,6.372782106412666e-4,124,70,116,341,361,581
Zfp830,1.04,6.372782106412666e-4,568,326,485,274,363,502
Snrnp27,1.14,6.372782106412666e-4,2498,1390,2535,1016,1765,2199
Atpif1,0.87,6.48487337014205e-4,906,518,833,529,701,849
Dvl3,1.08,6.593568270306557e-4,516,398,561,305,361,534
Cdkn1a,1.3,6.593568270306557e-4,296,256,454,169,238,291
Rtp3,2.57,6.593568270306557e-4,41,28,37,7,10,13
Gstp2,-1.95,6.669719124080459e-4,22,19,34,102,198,199
Gm54220,-1.17,6.726506442764958e-4,97,73,123,296,372,440
Pa2g4,0.99,6.754984586701412e-4,1262,892,1578,722,1123,1357
Zfp362,1.24,6.759796003200566e-4,242,157,313,143,171,183
Srsf11,0.88,6.768070484349341e-4,1660,1079,1751,970,1425,1765
Anp32e,1,6.811881288364109e-4,2993,1855,3162,1636,2657,2415
Sh3rf2,1.32,6.81767320213771e-4,731,619,999,321,594,723
Malsu1,0.94,6.869538310669136e-4,1125,613,1204,695,864,973
Arl9,0.96,6.869538310669136e-4,502,288,550,278,412,464
Sec62,1,6.869538310669136e-4,4178,2314,3441,2228,2950,3135
Smarca2,1.06,6.869538310669136e-4,2088,1124,1626,889,1415,1633
Phlda1,1.46,6.869538310669136e-4,269,235,285,116,148,241
Gm15522,1.59,6.869538310669136e-4,203,132,159,56,113,116
Cys1,1.87,6.869538310669136e-4,249,112,201,50,74,138
Hnrnpa3,-1.21,6.895426061808767e-4,169,106,231,457,656,863
Metap2,1.43,6.895426061808767e-4,8890,3364,7058,2815,4354,4597
Snord14e,-3.27,6.913011764143245e-4,2,5,4,49,69,66
Upf2,1.15,6.913011764143245e-4,1513,823,1121,636,1034,949
Tcea3,1.14,6.967535980390309e-4,5519,4836,6892,3257,4645,5650
Ilkap,0.98,6.972078485954676e-4,779,618,835,472,649,835
Smtn,-0.83,7.007714037741958e-4,655,393,649,1281,1694,2093
5330439A09Rik,-1.09,7.049485411759669e-4,602,357,643,1727,1652,2225
Gtf3c6,0.94,7.049485411759669e-4,1004,504,895,525,729,829
Lyl1,0.99,7.049485411759669e-4,2912,2119,3083,1877,2112,2968
Tor1aip1,1.08,7.086877523782203e-4,2280,1946,2739,1467,2110,2047
Eif4e2,0.95,7.112870799459358e-4,1207,617,1239,652,930,1045
Gm4544,1.08,7.112870799459358e-4,396,237,364,234,263,283
Sptan1,0.88,7.257218613045299e-4,1529,1019,1477,893,1249,1604
Zfp146,0.86,7.27331560252973e-4,1128,663,1159,673,1010,1048
Pelp1,1.34,7.27331560252973e-4,664,295,456,257,280,391
Xdh,1.32,7.378255940610873e-4,403,330,638,220,297,418
Pik3cd,-1.75,7.40694743571365e-4,64,30,101,273,368,435
Nes,0.98,7.565386360649834e-4,1453,831,1209,769,918,1304
Nol7,0.98,7.565386360649834e-4,2867,2350,3417,1911,2606,2980
Kat14,1.02,7.565386360649834e-4,382,307,470,253,322,402
Ripor1,1.27,7.565386360649834e-4,641,425,534,354,320,438
Lamtor2,0.9,7.616745547090018e-4,877,639,1045,562,858,921
Tomm40,1,7.651402621268716e-4,469,347,522,309,343,481
Ahnak,1.03,7.651402621268716e-4,7033,4815,7615,3708,5401,7257
Ctnnbl1,1.12,7.651402621268716e-4,243,186,286,146,176,239
Rph3al,1.75,7.651402621268716e-4,275,147,382,73,164,163
Chd4,1.04,7.660331368780484e-4,1822,1157,2386,1017,1554,1830
Klc1,0.88,7.708394711589227e-4,1065,749,1305,707,975,1189
Ak6,0.92,7.899862103146696e-4,1862,960,1819,1086,1406,1569
Smarca4,0.88,7.923617604617283e-4,871,534,779,478,713,836
Gm22009,2.13,7.94300172443141e-4,93,82,81,20,45,37
Ccdc47,0.92,7.978082477984656e-4,5140,2771,4951,2920,3918,4436
Alkbh7,-1.38,7.987641098017293e-4,94,54,64,250,308,375
Ddx10,1.13,8.134627596600723e-4,677,374,662,275,537,514
Srcap,0.83,8.1718439073687e-4,886,611,880,565,781,940
Pm20d2,0.98,8.1718439073687e-4,819,661,825,534,679,800
2810004N23Rik,1.05,8.243974768119909e-4,855,430,652,368,561,649
Golga4,1.4,8.272718783332494e-4,14889,10350,11500,5434,9951,8861
Ccdc9b,1.03,8.59681432852319e-4,465,269,532,278,314,441
Dhrs4,1.29,8.615754145302755e-4,578,414,411,246,356,394
Aopep,-1.05,8.648379683866375e-4,344,267,301,829,1144,1302
Ubr2,0.81,8.648379683866375e-4,1739,1116,1723,1100,1605,1715
Ciz1,0.93,8.648379683866375e-4,412,306,481,267,360,449
Rpf2,0.85,8.700270362694141e-4,519,345,528,320,447,547
Cox17,0.88,8.70833658301273e-4,2587,1528,2610,1642,2211,2194
Mtmr7,-1.52,8.81593804589428e-4,48,33,72,212,249,261
Slc25a5,-0.86,8.839995038513061e-4,437,233,423,838,1134,1347
Sp2,1.11,8.865852869804124e-4,318,216,362,205,203,285
Exd2,-1,8.867544294320618e-4,292,239,308,774,1024,1065
Iftap,0.87,8.867544294320618e-4,1896,1023,1922,1117,1478,1828
Ell2,1.5,8.867544294320618e-4,1069,920,1112,357,682,925
Dgka,1.15,9.081919645015314e-4,348,226,288,146,249,276
Rpl14,1.46,9.102587078182261e-4,6203,4913,11336,3412,4829,5369
Psme1,0.91,9.152709956810747e-4,1111,647,890,625,793,957
Fxyd5,1.41,9.239972684210633e-4,422,244,293,134,193,299
Taf12,0.84,9.433793169640062e-4,849,525,836,485,768,847
Spop,1,9.444096358488475e-4,7616,4006,6404,4002,5384,5647
Ttc32,1.11,9.444096358488475e-4,466,385,459,255,340,466
Rufy2,1.09,9.538010177603949e-4,657,535,665,342,594,583
Rsl24d1,-0.95,9.560255659754808e-4,205,111,202,426,548,703
Eif5a,-1.03,9.5739586491981e-4,1788,1032,2258,4432,6064,6556
Prxl2c,0.85,9.5739586491981e-4,1027,572,976,660,812,891
Ppfia1,0.97,9.5739586491981e-4,527,415,516,316,450,517
Brd1,0.97,9.615080812695044e-4,657,403,802,402,497,695
Ddx27,1.12,9.615080812695044e-4,322,198,412,203,221,281
Pop5,0.93,9.681685050615743e-4,603,365,522,325,432,581
Rnf6,0.91,9.784663620714285e-4,1597,866,1797,941,1330,1488
Cux1,0.87,9.797469255854257e-4,1629,1027,1493,924,1467,1466
Myadml2,-0.94,9.799982745613185e-4,755,464,856,1809,1978,2892
Lypla2,-1.03,0.0010023367538179282,121,81,133,298,428,423
Larp7,1.09,0.0010023367538179282,538,352,407,274,373,390
Mta3,1.13,0.0010131382777967962,227,163,235,124,189,172
4921524J17Rik,1.03,0.0010178702845272864,795,369,761,366,541,661
Bace1,-1.07,0.00101829270646557,491,225,497,1020,1585,1582
Sf3b2,0.84,0.00101829270646557,1900,1379,2156,1242,1801,2152
Sdf4,0.86,0.00101829270646557,2027,1456,2044,1327,1914,1931
Txndc17,1.06,0.0010204492513335103,721,480,1006,454,547,765
Twnk,0.82,0.0010298977020272513,834,568,854,573,683,907
Nfyb,0.92,0.0010298977020272513,736,579,957,542,713,764
Atrx,0.98,0.0010298977020272513,1780,1010,1433,857,1412,1342
Rxylt1,1,0.0010298977020272513,757,499,1012,476,715,690
F11r,1.22,0.0010298977020272513,231,162,262,132,131,212
Peli3,2.09,0.0010335796430333648,144,75,196,33,40,91
Gm46142,4.96,0.0010338541666328831,20,27,52,0,0,5
Insig1,-1.31,0.0010526673784394286,124,57,90,309,412,388
Cox20,0.8,0.0010526673784394286,1318,740,1211,827,1061,1263
Ndufv3,0.96,0.0010526673784394286,3115,2239,3990,1855,2945,3359
Gm5785,1.22,0.0010526673784394286,249,147,212,104,180,156
A430105J06Rik,1.68,0.0010526673784394286,142,90,117,33,76,80
Epc2,0.79,0.0010534497401408064,611,384,632,423,536,618
Zfp275,-1.29,0.001054479363401782,63,37,70,194,251,244
Gm53644,0.88,0.001054479363401782,552,423,581,371,476,599
Styx,-1.01,0.0010567051787952972,169,84,156,351,485,536
Uimc1,0.92,0.0010578109361651896,518,274,487,270,420,437
Ctnna1,0.92,0.0010585507030469094,1305,899,1526,733,1207,1444
Gatad2b,0.84,0.0010820647262900476,1118,600,946,637,860,990
4930413G21Rik,-1.47,0.001082498621253944,69,35,86,211,358,301
Srsf7,-0.79,0.001082498621253944,511,360,567,1029,1504,1708
Ralbp1,0.81,0.001082498621253944,788,467,767,537,639,738
Myom2,1.14,0.0010859864296622038,26730,15863,30178,12294,19631,23922
Fbl,1.54,0.0010901345746353707,202,93,210,77,76,135
Sema6c,-0.98,0.0010904374371312753,486,318,473,1137,1216,1934
Herc2,0.9,0.0010944496850301768,1160,829,1291,660,1113,1257
Gm12359,1.3,0.0010970206306331017,266,219,364,117,213,268
Alpk3,1.16,0.0011044694601135266,3213,2147,2308,1462,1910,2584
Gnb4,-1.12,0.001109796834622666,92,58,97,259,293,339
Ccdc34,1.5,0.001109796834622666,414,158,260,138,164,178
Dapk2,1.62,0.001109796834622666,3866,2418,2137,1168,1730,1856
Gm37885,0.9,0.0011198944760071805,301,184,303,184,243,283
Atn1,1,0.0011256455447493246,1217,597,1378,669,911,1032
Bclaf1,0.99,0.0011275960389213486,2968,1946,2449,1560,2441,2309
Zfp27,1.2,0.0011275960389213486,402,199,292,191,204,248
Smc6,1.09,0.0011294158989659233,1943,914,1333,880,1117,1276
Tmem135,-1.17,0.0011385377447355287,225,121,153,535,645,695
Qdpr,-0.93,0.0011451465541413974,265,147,254,553,651,928
Suds3,0.95,0.001155532305015854,1657,782,1350,815,1085,1363
Gpr4,1.9,0.0011568042647476723,59,48,82,21,24,41
Dph1,-1.82,0.0011590275238962105,19,19,26,88,155,144
Ktn1,1.01,0.0011601164869001373,8366,4831,7153,3901,6649,6569
Dnm3,1.13,0.0011601164869001373,188,139,256,114,156,178
Gm53406,1.34,0.0011601164869001373,312,276,321,170,170,286
Cgnl1,1.18,0.001167711206453938,363,160,273,153,205,220
Gm53877,-1.45,0.0011733390976747017,42,24,44,142,182,173
Fdx2,0.89,0.0011733390976747017,540,425,688,386,536,593
Arid4a,0.91,0.0011733390976747017,630,344,520,317,488,539
Pgls,-1.36,0.0011763278210672416,92,52,130,252,439,494
Ddx42,0.83,0.0011763278210672416,784,575,967,543,764,916
Baz1b,0.84,0.0011763278210672416,1437,893,1401,797,1342,1400
Prpf40a,0.83,0.0011764833490671258,1058,711,943,692,901,995
Stip1,0.85,0.0011783004307204363,2545,1450,2232,1390,1972,2497
Hnrnpm,1.21,0.0011810248116314584,3520,2896,3809,1503,3000,3299
Larp1b,1.17,0.0011917441819960545,3249,1396,2170,1242,1720,2075
Cpne3,-1,0.0011919870318872075,130,88,139,341,412,438
Rbm38,0.86,0.0012016384397594137,2027,1195,2083,1350,1478,2040
Zfp971,1.55,0.0012083605434486417,707,352,449,216,374,270
Rpl14-ps1,0.89,0.0012084928948601164,2484,1682,3165,1613,2288,2792
Loxl1,-1.38,0.0012169012495562327,113,47,134,298,425,540
Pde4b,-0.88,0.0012169012495562327,928,618,1035,1815,2723,3622
Hspe1,1.2,0.0012169012495562327,3150,1327,2116,1266,1709,1745
Golga7,-1.12,0.0012203373304856165,150,87,193,383,601,564
Cfb,1.49,0.0012203373304856165,272,97,234,97,116,134
Actg1,-1.4,0.0012330242703758605,436,155,427,1137,1414,1794
Mir1902,-1.15,0.0012330242703758605,117,66,152,320,447,456
Gm32687,-2.33,0.0012338859854342608,11,5,10,58,90,71
A330069E16Rik,1.65,0.0012386836974058151,93,76,118,32,48,78
F3,-1.15,0.0012466418850514893,85,74,96,251,319,405
Snhg20,-1.88,0.0012502582477465997,26,24,56,142,216,311
Fmo1,0.83,0.0012502582477465997,505,326,494,321,404,542
Akr1a1,-0.79,0.0012661283787290861,1137,676,1260,2193,3118,3609
Clk2,1.15,0.001275188654178555,337,270,367,180,221,362
Sptb,0.92,0.0012759834680019547,3003,2246,3419,1780,2646,3491
Prima1,2.05,0.001284819000296933,253,202,241,72,59,164
Mrps14,-0.95,0.001290606738116187,306,237,338,838,877,1158
Ythdc1,1.01,0.001290606738116187,1339,830,996,698,1000,970
Egln3,1.85,0.001290606738116187,1230,1636,1862,542,846,958
Lrp5,0.95,0.0013019680411300058,257,195,302,164,236,265
Taf9,0.75,0.0013174424726185474,1283,775,1362,909,1113,1363
Pef1,-1,0.0013213253115825186,230,127,214,409,707,825
Galnt15,1.41,0.0013213253115825186,360,405,479,208,320,292
Trim13,-1.31,0.0013347278209514377,72,61,107,302,326,360
Dek,0.9,0.0013347278209514377,1652,1216,1620,1189,1380,1500
Kif13a,0.86,0.0013350638160048926,1752,1134,1480,1035,1510,1558
Bptf,0.87,0.001339466143365107,798,506,761,428,742,767
Penk,1.02,0.0013403118765903104,311,191,369,190,272,247
Armcx4,1.06,0.0013403118765903104,467,291,370,274,297,338
Ccdc174,1.04,0.0013413035276743175,510,276,362,240,314,390
Rpl18a,1.26,0.0013474962636875803,4852,4495,8401,3304,4402,4792
Vwa7,-1.14,0.0013785239535307036,85,70,106,222,365,407
Ptpn4,-1.35,0.0013794177719782285,281,173,216,877,1102,842
Epb41l2,0.84,0.0013794177719782285,1032,565,1013,662,745,1017
Gm31745,0.91,0.0013794177719782285,2652,1963,3008,1519,2577,2905
Calcoco1,0.98,0.0013794177719782285,2231,1814,2885,1328,2228,2511
Cfap210,2.1,0.0013794177719782285,123,60,60,21,37,38
Gm2245,-1.09,0.0013840366870953161,133,95,122,335,376,562
Ubxn4,0.83,0.0013840366870953161,1681,971,1645,938,1566,1557
Snrpb,-0.82,0.0013856540120069812,523,377,663,1147,1695,1841
Helz,0.87,0.0013856540120069812,438,244,412,245,376,384
Frat2,1.02,0.0013856540120069812,430,264,492,300,296,366
Setd1b,1.06,0.0013856540120069812,240,184,277,162,169,236
Gm46816,1.11,0.0013856540120069812,3270,2302,2527,1502,2546,2470
1700001G11Rik,-1.98,0.0013885684050064593,16,13,19,66,102,163
Gm26740,-1.56,0.0013885684050064593,392,141,377,967,1818,1605
Adam33,1.5,0.0013885684050064593,235,83,195,75,96,126
Gm51906,2.49,0.0013885684050064593,51,35,111,17,21,19
Taf1d,0.93,0.0013901731208287218,437,332,416,283,383,393
Scd2,-1.05,0.0013942874461474592,300,158,224,686,715,955
Tnip1,0.81,0.0013942874461474592,569,341,587,395,452,578
Sbds,0.84,0.0013942874461474592,800,566,856,470,792,866
Prpf6,0.88,0.0013942874461474592,1034,656,1220,592,940,1165
Zfr,0.82,0.001401196416611106,2022,1188,1734,1214,1741,1767
Ube2d-ps,1.52,0.001401196416611106,484,579,859,282,427,455
Klhl33,0.9,0.001410504649072158,4259,2821,5295,2656,3710,4834
Cbll1,0.99,0.001410504649072158,331,254,338,212,242,345
Lcn2,2.91,0.001410504649072158,114,32,48,10,19,13
Cers1,-1.46,0.0014188572058878596,142,56,181,444,540,705
Gm13166,8.03,0.0014207037845556086,35,21,16,0,0,0
Eif6,-1.03,0.001427808066584755,131,86,164,299,444,577
Med15,1.06,0.0014315760227218604,312,274,403,184,301,337
Gm973,-1.29,0.0014372844718620705,67,41,94,217,310,291
Thrap3,0.88,0.0014388883067827983,1766,1302,1564,1098,1488,1756
Hnrnpab,0.89,0.0014416754054959178,3655,2385,4634,2326,3344,4048
Gnpnat1,-1.02,0.0014422327359296565,148,82,126,345,415,437
Gng11,-0.86,0.0014422327359296565,328,178,319,708,807,952
Sfr1,0.95,0.0014608348292686857,3321,1786,3305,1564,2686,3147
Apobec2,0.96,0.001463550921915697,9348,6920,11985,5885,8894,9966
Hoxc9,0.98,0.001463550921915697,526,239,475,250,369,421
Slc7a2,1.66,0.001463550921915697,2513,2880,3763,1089,2196,1838
Wac,0.76,0.0014678841256221212,815,608,881,593,805,923
Cttn,0.93,0.0014687812426696343,521,282,625,316,430,488
Sod3,1.14,0.001473919452144038,308,140,234,123,180,215
Mapkapk5,0.85,0.001474474985938236,981,689,1295,677,995,1108
Nmnat1,0.92,0.001474474985938236,583,421,508,353,439,582
Procr,1.08,0.001474474985938236,290,154,299,164,169,250
Ucp2,1.11,0.001474474985938236,392,224,520,242,262,362
Nkapd1,-0.74,0.0014796650704983819,511,297,504,979,1244,1421
Slc30a4,-0.94,0.0014800313658938048,202,109,216,476,550,633
1810009A15Rik,0.88,0.0014898523681871037,316,206,322,218,249,301
Atg3,1.06,0.0014974854495545965,1083,639,792,616,652,739
Ep300,0.77,0.0014993543364799188,854,625,982,593,874,1004
Cspp1,1.06,0.0015143374348563548,199,133,228,122,134,195
Chmp2a,0.91,0.0015170629905270718,1339,1177,1628,1016,1302,1462
Psmc3,0.93,0.0015281702194435824,5419,3333,6757,3211,4925,5561
Snu13,-0.72,0.001540799562269397,416,253,426,782,1045,1198
Cdipt,-1,0.0015473076185774108,217,140,296,505,815,866
Ssb,0.74,0.0015497382740724877,2915,1709,2825,1919,2549,3011
Gdf1,-1.46,0.0015510709522898775,142,56,183,447,540,711
Usp16,0.8,0.0015510709522898775,1468,800,1339,892,1291,1275
Flt4,1.42,0.0015593688195227177,116,69,93,51,52,71
Nop58,0.84,0.0015693124294798263,1032,545,887,573,872,858
Pde6d,-1,0.001570700478169932,114,76,133,308,337,435
Dusp13,-0.94,0.001570700478169932,343,231,444,731,1266,1305
Gm10382,1.79,0.0015723492859258637,261,234,402,123,195,113
Fkbp5,2.1,0.001584018825320421,1416,869,2415,338,615,908
Cenpq,1.1,0.0015863158362304185,274,163,207,117,182,216
Ndufaf2,1.18,0.0015863158362304185,419,217,266,167,238,272
Crcp,0.81,0.0015961599051593687,423,292,519,302,409,472
Filip1l,1.05,0.0016120787833051404,2636,1203,1774,1139,1600,1781
Oaz1-ps,-1.33,0.0016141947326074233,433,251,693,1298,2117,2303
Fbp2,1.33,0.0016141947326074233,1315,1087,2249,840,1210,1012
Acadl,1.02,0.001618679313871933,6535,4633,5297,3713,5101,5030
Ccdc191,1.45,0.001618679313871933,155,100,155,63,64,130
Gm11665,2.44,0.001618679313871933,41,20,65,10,11,17
Tst,-1.18,0.001625306994861493,117,99,102,304,414,545
Cox6c,1.25,0.001625306994861493,27410,14359,20296,13522,14662,14685
Panx1,-1.67,0.0016384769966521241,42,20,35,101,170,262
Rnf4,-0.89,0.0016384769966521241,164,106,187,368,449,607
Tnks1bp1,0.85,0.0016384769966521241,496,326,459,289,399,537
Ybx3,1.25,0.0016384769966521241,25255,21167,40816,16613,20735,24425
Kdelr3,-1.56,0.00164483831072662,27,19,31,117,128,132
E4f1,0.96,0.00164483831072662,265,181,266,160,190,276
Ctr9,0.89,0.0016570477743350325,670,402,534,381,463,632
Ftl1,-1.41,0.001657173997912701,1208,575,1652,3154,5777,6124
Ptprm,1.05,0.0016614707825893702,476,318,357,260,342,346
Plin4,1.6,0.0016614707825893702,4111,4931,5627,1743,3248,3756
Larp1,0.84,0.0016760888004305563,2385,1236,1919,1276,1757,2164
Nfix,0.82,0.0016841422083826313,5684,3791,5954,3856,4660,6313
Fam240a,3.05,0.0016841422083826313,91,58,40,18,10,10
Matn4,-2.61,0.001701399615088343,4,3,6,32,55,49
Cavin4,0.79,0.001701399615088343,4532,3292,4960,3207,4327,5100
Cherp,0.93,0.001701399615088343,385,258,521,254,339,432
Smim7,-1.07,0.0017125893439725128,360,179,413,986,1109,1126
Lbhd1,0.86,0.001720319498407198,311,201,320,218,248,301
Zfp609,0.94,0.001720319498407198,418,223,376,257,303,308
Adamts1,0.98,0.001720319498407198,947,638,1098,724,679,825
Ankrd1,2.46,0.0017247523251069643,918,659,523,149,308,213
Zbtb12,1.16,0.0017318267345061075,160,92,194,77,115,143
Gm52692,-1.13,0.001732511287670027,103,64,83,264,277,384
Ccdc181,0.98,0.001732511287670027,308,196,386,194,290,267
2310011J03Rik,-1.27,0.0017383078897805436,74,35,57,150,249,281
Zfp691,1.11,0.0017383078897805436,308,132,248,135,184,208
Cblb,1.42,0.0017383078897805436,297,303,521,147,270,310
Dnpep,-0.86,0.001741528185615215,197,144,249,493,618,687
Hnrnpul1,0.79,0.0017699550937006904,1493,1098,1633,974,1421,1822
Rsf1os2,1.55,0.0017699550937006904,137,93,144,40,65,117
Emc6,-0.83,0.0017865656924700908,805,427,821,1661,2166,2151
Gnl1,1.08,0.0018022609229504548,359,277,516,198,363,369
Nono,0.73,0.0018404341310441804,1421,875,1361,882,1295,1590
Chmp4b,0.89,0.0018404341310441804,2208,1595,2995,1457,2300,2469
Golga2,0.9,0.0018404341310441804,1202,952,1318,695,1233,1301
Gnl2,0.9,0.0018404341310441804,1351,1022,1518,757,1280,1592
Hsp90b1,0.79,0.0018502954946405298,4104,2396,3522,2590,3384,3767
Snhg5,1.36,0.0018502954946405298,362,335,657,266,270,345
Mat2b,-0.7,0.0018614569929002408,768,471,731,1450,1803,2107
Cltb,0.91,0.0018614569929002408,2054,1286,2801,1347,1954,2123
Mrps33,1.17,0.001870289578899275,387,200,285,135,267,257
Neto2,-2.58,0.0018792868794817034,18,14,20,166,236,107
Cenpb,0.87,0.0018924737212940186,3623,1718,2996,1976,2600,2944
H3f3a,-0.75,0.001917179728910508,1055,645,1199,2218,2717,3133
Slc35b2,-0.97,0.0019249178473033767,128,73,154,310,384,455
Psmd12,0.76,0.0019362706172297171,3532,2415,3891,2441,3271,4199
Relt,-1.63,0.0019382778109910644,49,22,67,227,222,235
Klhl29,-1.5,0.0019382778109910644,37,16,47,120,162,186
Asb5,-0.88,0.0019382778109910644,2937,2046,3536,7595,8136,10486
Sh3glb1,0.78,0.0019382778109910644,7484,4663,7332,4988,6745,7303
Snrnp35,0.82,0.0019382778109910644,2575,1794,2472,1674,2535,2372
Tmed4,-0.81,0.0019446944109753933,413,287,526,867,1216,1554
Ift74,0.97,0.0019446944109753933,283,190,248,141,235,257
Numa1,0.93,0.0019522347741091316,800,703,1052,537,778,1015
Dnajc9,0.75,0.0019580524229026596,437,310,494,317,421,514
Gm51400,0.94,0.0019632924737711384,311,242,373,238,252,326
Hnrnph1,0.79,0.001968933106931376,4235,2867,4228,2575,3917,4748
Gtf2f2,0.96,0.001968933106931376,478,241,363,255,289,382
Akr1e1,-2.47,0.001970307599616649,32,17,84,292,429,485
Lima1,0.79,0.0019824383393203964,459,282,424,312,362,461
Tacc2,0.95,0.001982842714024114,9617,5856,7739,4627,7632,8373
Cd300lg,1.01,0.001988862581977857,460,316,699,310,438,470
Rpl4,0.95,0.001993824115493476,16605,11141,21129,10118,15083,17344
Nexn,1.74,0.001993824115493476,50192,24525,22675,12267,16270,21602
Gm11964,1.8,0.001993824115493476,126,106,202,37,61,119
Ovca2,-1.47,0.002030678489179513,35,27,47,118,217,175
Tmem126a,0.87,0.002030678489179513,1620,1076,1569,1201,1316,1367
Lonp1,0.77,0.0020491064003909107,1405,925,1263,1005,1211,1325
Slc43a3,1.09,0.002049191384856065,571,453,764,323,423,712
Lsm14b,0.73,0.002070940517671357,781,557,796,533,736,937
Ino80dos,-1.33,0.0020786627277268833,494,267,277,1281,1469,1614
Tshz2,1.01,0.0020786627277268833,684,363,652,431,382,567
Nipbl,0.8,0.0020788853809022715,1281,876,1118,765,1183,1300
Cald1,1.21,0.0020788853809022715,2000,1019,1464,1073,949,1136
Tsga10ip,2.8,0.00207946087625816,39,37,109,7,21,16
Aff1,0.73,0.002094581702589153,969,544,1057,666,861,1045
Sumf2,-1.16,0.0020991851035205593,125,85,196,334,557,638
Frg1,0.75,0.0021094638988668445,523,365,537,338,505,608
Zfp771,-0.93,0.002109824464285397,101,68,109,225,296,378
Nipa2,-0.9,0.002109824464285397,279,131,243,474,730,844
Uqcrb,0.88,0.002109824464285397,9233,4906,7474,5131,7054,7427
Tmem160,-1.01,0.0021334467549254913,183,88,215,414,580,616
Hint2,-1.13,0.0021437335620462525,78,69,77,223,288,336
Stag2,0.68,0.0021437335620462525,2361,1476,2419,1651,2247,2689
Rtraf,0.72,0.0021437335620462525,2629,1595,2720,1743,2624,2718
2610203C22Rik,-1.71,0.0021576437440176638,18,21,38,109,136,185
Chmp5,0.68,0.002165401024508692,915,560,931,651,828,1055
Incenp,1.72,0.0021759139497476154,70,73,92,28,35,62
Gtf2a2,-0.82,0.00218760492382147,380,206,423,750,1098,1092
Prrc2c,0.97,0.002208530384142617,1268,754,866,633,841,1063
Prr33,0.77,0.002210984421537276,2998,2238,3636,2140,3076,3649
Imp3,-0.75,0.002218157214003515,254,177,253,512,684,752
Prkrip1,0.82,0.0022191481926912933,468,274,512,265,434,498
Mir5113,-1.84,0.00222499318696504,21,11,32,75,163,150
Srrm2,0.86,0.00222499318696504,3181,2488,3980,2048,3284,3833
Gask1b,-1.03,0.0022262680071347364,165,76,151,380,457,464
Igha,7.52,0.0022262680071347364,33,12,125,1,0,0
Hspa4,0.72,0.0022314762745568205,2851,1733,2559,1810,2514,3033
Morf4l2,0.75,0.0022314762745568205,3716,1996,3456,2358,3021,3706
Chd1,0.7,0.0022340023594376143,495,304,507,343,481,522
Cpeb2,-1.52,0.0022376304454913886,199,91,277,537,1087,1074
Mrps22,0.76,0.0022376304454913886,700,411,615,422,563,750
E2f5,-1.32,0.00225571752886034,41,28,38,116,136,206
H2az1,-1.18,0.00225571752886034,61,46,96,198,264,310
Nid2,-1.03,0.00225571752886034,92,62,93,195,282,392
Pcna,-0.96,0.00225571752886034,118,71,148,290,383,411
Plpp1,-0.88,0.00225571752886034,381,266,304,754,1075,1177
Tcta,-0.87,0.00225571752886034,129,93,154,286,426,456
Hexb,-0.86,0.00225571752886034,176,106,148,350,462,502
Slc2a4,-0.83,0.00225571752886034,3857,2731,4144,8503,9983,14129
Erc1,1,0.00225571752886034,624,303,444,267,445,442
Matcap1,1.18,0.00225571752886034,201,145,327,130,161,205
Myl6b,2.13,0.00225571752886034,152,96,65,37,37,49
Maged2,-0.99,0.0022578987127326233,120,93,140,292,476,423
Clptm1l,-0.89,0.0022578987127326233,165,95,185,390,473,498
Tbc1d19,-0.71,0.0022578987127326233,283,171,282,523,709,790
Fra10ac1,0.87,0.0022578987127326233,543,372,521,331,539,465
Atp6v1d,0.76,0.002259559733126336,1908,1363,1957,1350,1985,1882
Qser1,0.78,0.002259559733126336,2108,1280,1705,1246,1810,1997
1700071M16Rik,-1.38,0.0022703445312323304,132,52,104,250,541,466
Gm14326,0.83,0.0022709338177168124,839,414,754,473,711,678
Zfhx3,0.98,0.0022709338177168124,643,341,444,292,410,535
Ppp1r27,-0.97,0.0022726418105297776,589,515,734,1885,1882,2321
Csnk1e,0.79,0.0022726418105297776,630,495,809,497,616,787
Dffa,-1.06,0.0022782750912716462,234,178,393,716,1002,1078
Extl2,-0.89,0.0022782750912716462,170,103,153,298,491,562
Dync1h1,0.73,0.0022782750912716462,1925,1229,1902,1196,1756,2263
Fxr1,0.85,0.0022782750912716462,14851,8301,13916,8331,12149,14226
Gm47112,-2.62,0.002292051140701582,5,8,6,38,65,105
0610009L18Rik,-1.26,0.002292051140701582,56,39,76,147,232,324
Gm15510,1.08,0.002292051140701582,180,152,200,124,131,174
Plec,1.12,0.0022921000262819454,12149,7715,8016,5422,7401,9341
Ccdc142,-1.29,0.0022925200488551675,35,24,36,109,131,151
Gm867,0.91,0.0022931763892717174,2417,1202,1858,1421,1561,1806
Tmed7,-0.71,0.0022972380888107075,479,281,477,944,1093,1331
Rsf1,0.84,0.0022977913831588727,644,340,695,354,546,673
Fhip2b,1.55,0.0022977913831588727,1850,694,1184,665,685,681
Atf5,0.83,0.0022983165481068627,1050,782,923,720,886,1062
Myocos,0.98,0.0022992621954813722,216,112,201,113,167,166
Slc4a1ap,0.9,0.002300526241629618,707,429,576,371,629,558
Gm14399,1.51,0.0023064795064337462,197,101,118,52,77,122
Cyb5rl,-1.19,0.0023127736286183264,61,28,57,137,202,218
Mir7085,-2.06,0.0023191291669237245,16,4,20,66,88,127
Trmt112,-1.28,0.0023193702942092037,138,67,110,403,457,376
Psip1,0.84,0.0023214187084750286,754,383,622,467,523,638
Nmt1,0.68,0.002339593659059121,1198,842,1383,912,1237,1483
Ssr2,-0.84,0.002353037880060961,257,149,310,557,675,906
Cav3,-0.82,0.002353037880060961,387,196,422,734,1063,1141
Psmd11,0.77,0.002353037880060961,1461,987,1896,1059,1530,1700
Cwc22,0.81,0.0023557512176252482,295,196,286,194,242,317
Slc26a6,-1.18,0.0023645504348614394,59,49,71,186,267,233
Ccdc115,0.73,0.0023645504348614394,521,352,534,343,483,625
Fam149b,0.77,0.0023645504348614394,418,240,364,261,343,408
Rai14,1.09,0.002371392675523801,136,94,142,86,91,117
Sapcd1,-1.44,0.0023767037190914747,31,19,31,78,148,151
Eif3c,0.74,0.002379605870975479,3221,2081,2926,2005,3065,3332
Dnaja2,0.74,0.0023908834709626572,5459,3314,5882,3628,5180,5979
Cycs,-1.05,0.002391347531367105,727,338,552,1738,1677,2004
Eif3g,0.81,0.0024002712845817556,768,517,946,481,730,958
Gas5,1.06,0.0024002712845817556,1407,1078,2290,1062,1391,1337
Bdp1,1.21,0.0024041790080541075,850,413,536,268,495,576
Gal,-4.73,0.002412411832454691,0,0,3,14,72,65
Gm53372,-1.67,0.002412411832454691,53,17,71,165,251,324
Prn,-1.34,0.002412411832454691,129,53,82,327,307,468
Otub2,-1.61,0.002422340495952211,44,39,86,209,379,272
Oaf,-1.89,0.0024301344261028345,67,16,54,186,241,420
Ndufa5,0.85,0.0024403590034874577,8824,5450,7169,5213,7262,7674
Whamm,1.11,0.002442577668029341,208,203,309,159,184,227
Mir7078,3.28,0.002473507713525699,16,9,12,1,3,2
Zfp990,4.59,0.002473507713525699,21,17,10,0,0,3
Zfp992,2.52,0.0024750457949677942,39,27,27,9,12,6
Cnbd2,-1.15,0.002478417613662579,233,163,407,717,1050,1195
Mrps12,-0.91,0.002478417613662579,156,109,212,349,542,629
Mir1892,-1.3,0.002488712178551067,41,35,45,150,176,176
Eny2,0.7,0.002488712178551067,886,640,875,673,856,990
Rpl10a,-1.65,0.002491922606175024,27,17,23,68,124,174
Zfhx2,0.99,0.002491922606175024,178,104,156,97,120,156
Zfx,-0.87,0.0024961754808655425,256,147,217,532,695,652
Gm4814,0.74,0.0024961754808655425,2049,1418,2422,1382,2148,2493
Eef1d,0.77,0.0024961754808655425,2408,1784,2878,1631,2611,2869
Anpep,1.01,0.0024961754808655425,159,89,160,79,123,138
Med28,-0.74,0.0024961957524836575,232,157,263,491,650,687
Snapc3,0.73,0.0025259352293997834,727,411,613,443,640,702
Ost4,0.74,0.0025259352293997834,990,664,1161,649,1077,1130
Rgs3,1.35,0.002531393204004727,105,83,125,54,55,101
Rbis,-0.77,0.0025497895522138933,175,115,171,336,465,530
Gm8995,1.85,0.0025497895522138933,357,105,188,89,95,105
Gm12854,0.99,0.0025602696851098295,206,118,207,97,173,183
Atf7,0.68,0.002568879556270242,728,512,803,514,765,894
Gm39442,1.06,0.0025973596553494106,160,105,182,107,106,145
Brms1l,0.78,0.002601791238358028,407,267,416,262,418,395
Ankrd33b,0.91,0.002601791238358028,536,418,501,355,510,463
Il11ra1,-0.69,0.0026046452385605654,403,230,384,676,934,1162
Tspo,-1.2,0.0026058495285586135,122,59,155,392,402,450
Hoxc10,0.68,0.0026058495285586135,1778,985,1688,1150,1646,1876
Gm46085,-1.8,0.0026122127377856295,59,22,34,170,304,188
Cd38,-1.15,0.0026122127377856295,47,31,60,128,180,206
Gsdme,-0.95,0.0026122127377856295,99,78,135,259,367,394
Ifngr2,0.67,0.0026122127377856295,1005,590,1077,726,1001,1081
Tut7,0.7,0.0026122127377856295,944,566,821,619,882,926
Sart3,0.99,0.0026122127377856295,203,150,253,113,181,232
Sync,1.01,0.0026122127377856295,1206,598,1580,742,909,1082
Cep131,1.57,0.0026122127377856295,138,188,264,90,116,141
Cep170,0.97,0.002612441305470341,535,350,621,264,436,632
Clic1,0.85,0.0026206075527646184,358,177,324,190,273,332
Gripap1,0.97,0.002623108223618263,683,481,710,311,641,712
Sf3a3,0.79,0.002623371334519631,385,302,409,264,396,428
Pinx1,0.99,0.002623371334519631,152,106,158,86,115,156
Gm53913,1.62,0.002623371334519631,132,90,140,55,40,105
Fibin,2.28,0.002623371334519631,768,1145,1538,273,501,490
Mak16,0.79,0.002632772096352558,473,262,435,263,436,438
D330050I16Rik,1.43,0.002639801635809838,113,111,206,65,83,126
Gm15935,-0.89,0.002650059736310759,172,82,151,322,438,482
Clip1,0.95,0.002651909773120598,8097,6764,9500,4847,7287,9892
Gm54261,-1.17,0.002658914096922874,89,48,67,218,219,336
Taldo1,-0.91,0.0026664546180621275,572,312,628,976,1865,1962
Rps4x,-0.97,0.002668407046942094,1063,690,1590,2972,3810,3933
Derl1,-0.81,0.002668407046942094,642,342,763,1231,1803,2050
Bcl7b,0.96,0.002668407046942094,460,350,714,307,487,525
C1qtnf9,1.28,0.0026823653592698356,724,793,961,504,493,785
Akap12,0.92,0.002699973948393863,617,335,436,325,385,529
5730409E04Rik,0.78,0.0027002930314746674,648,351,635,409,609,563
Dnajc19,0.71,0.002710004368410311,2695,1436,2542,1683,2286,2845
Patl1,0.7,0.0027539463853451726,514,336,505,391,466,547
Wapl,0.71,0.002769056989037403,1262,713,1261,908,1176,1175
Txlnb,1.03,0.002769056989037403,15548,9551,11551,7471,12215,10918
Llph-ps2,1.22,0.002769056989037403,410,179,472,183,309,245
Gm54225,2.53,0.002769056989037403,38,19,28,11,6,7
Frmd6,-0.83,0.0027889225972119783,201,128,168,387,483,640
Aar2,-0.78,0.0028029937768632943,160,105,172,301,454,525
Smg6,0.75,0.0028029937768632943,324,234,362,237,335,357
Mir7019,-2.85,0.002808332923148672,5,3,4,47,62,36
Ap3b1,0.7,0.002816496743895979,472,323,474,335,486,504
Itm2c,-1.29,0.0028246885990578195,231,107,320,577,877,1212
Timm17b,-0.86,0.0028246885990578195,123,79,146,254,383,427
Siah1a,-0.8,0.0028246885990578195,306,230,305,595,818,1118
Fam204a,0.7,0.0028246885990578195,653,380,648,408,645,699
Zhx3,0.99,0.0028246885990578195,164,102,175,86,123,169
Cmya5,1,0.0028246885990578195,37525,25061,33383,18628,31971,31993
Gps1,-1.12,0.002834584554448982,68,64,73,197,252,325
Kmt2d,0.72,0.002837429806832668,935,577,1014,588,889,1140
Ctsl,0.73,0.002837429806832668,3083,1938,2734,1927,2662,3432
Atf3,2.22,0.002844264468728084,247,326,246,72,91,162
App,0.75,0.0028519517490801665,2045,1387,2355,1489,1779,2586
Amd2,-2.83,0.002852595130213565,426,95,308,2084,3904,3487
Mia3,0.75,0.002852595130213565,2679,1745,2328,1602,2443,2870
Pitpnb,0.77,0.002877061882636464,489,358,452,351,432,520
Ube2h,-0.69,0.0028815885810666887,482,339,461,890,1173,1472
Glyr1,0.64,0.0028942204251109797,883,526,875,612,829,1033
Gdap1,-1.7,0.0029077620416489603,238,140,131,719,1236,858
Wasf2,0.75,0.0029077620416489603,500,326,491,320,422,599
Maob,1.14,0.0029077620416489603,814,335,726,300,593,510
Eif4g3,1.01,0.0029166059300608747,4131,3627,6543,2731,4371,5074
Dynll2,0.74,0.002919240901471382,4553,2400,4044,2740,3916,4398
Psmd1,0.73,0.0029260965116351457,3987,2569,4731,2729,4087,4638
Psmc1,0.74,0.0029260965116351457,3133,2010,3770,2253,3313,3370
Sars,0.78,0.0029260965116351457,2322,1442,1880,1322,1945,2402
Hoxa4,1.41,0.0029260965116351457,81,52,119,35,63,60
Nhlrc1,-1.32,0.002929512271914231,36,26,58,136,156,208
Abhd17b,-0.78,0.002929512271914231,168,116,183,374,429,552
Rad9b,-0.76,0.002929512271914231,601,380,502,1215,1443,1570
Pfdn1,0.63,0.002929512271914231,2264,1397,2311,1660,2271,2529
Hnrnpdl,0.7,0.002929512271914231,3410,2215,3218,2476,3269,3451
Wdr86,0.83,0.002929512271914231,421,340,481,311,366,527
ND1,2.31,0.002929512271914231,2971549,1414165,1118272,553731,665232,636321
Gm53463,-1.36,0.0029423705211916082,48,29,71,177,172,282
Itm2a,-0.74,0.0029498290426669582,1663,1118,1679,3047,4031,5743
Cradd,0.93,0.0029498290426669582,271,203,283,194,194,288
Cyb5r3,1.09,0.0029498290426669582,1428,605,878,617,720,932
Vapb,0.73,0.0029634074936408196,2361,1517,2836,1681,2545,2563
Mtrex,0.73,0.0029724527030811653,2227,1159,1810,1323,1804,2118
Gm26944,-0.91,0.00297527238038171,160,118,148,303,518,569
Rpl39,1.02,0.0029760013838636694,1580,1223,2691,1106,1628,1821
Ifi211,1.4,0.002976053555910058,209,88,127,60,84,128
Gm16907,-1.51,0.0030161906048467683,56,31,28,153,170,236
Gm51661,-1,0.00302266161631096,109,65,97,264,262,382
Jam3,-1.35,0.003024983169012893,56,57,55,157,267,336
Tcf15,1.55,0.003024983169012893,210,162,419,97,142,218
Npm1,0.75,0.003029867708341532,1781,1106,2159,1392,1742,1794
Odr4,0.7,0.003030831544545741,748,544,758,503,794,868
Nherf2,1.18,0.0030712148059725878,578,408,780,244,448,667
Dusp10,-1.97,0.003075013832582533,366,170,214,1482,2011,1277
Gm38431,0.74,0.003075013832582533,663,506,874,519,706,859
Cox19,-0.7,0.003080329746722873,248,162,240,476,615,685
Inf2,1.14,0.003084396606868007,204,159,170,101,127,195
Mospd3,1.21,0.0030922932534453917,154,92,188,64,100,156
Sec14l5,-0.82,0.0030989626502081623,217,150,301,524,660,788
1700018A23Rik,-1.3,0.0031023412127960653,518,239,276,1239,1405,1565
Zbtb7a,0.85,0.003124428315363987,830,517,1019,630,624,922
Camta1,0.98,0.003128516736749131,793,610,592,457,601,700
Brap,0.7,0.0031285686757206157,640,403,577,397,612,700
Tmem59,-0.7,0.003138556762031592,629,491,782,1347,1824,2061
Rpl18,-0.88,0.0031398510464398523,624,425,915,1701,2054,2205
Wdr43,0.66,0.003146786386057608,945,617,984,733,986,984
Pnkd,0.73,0.003146786386057608,702,562,909,562,771,901
Epdr1,-0.66,0.003147279685206298,1273,834,1209,2409,3017,3384
Rasgrp4,-1.02,0.0031605814228125202,65,38,72,155,214,222
Maco1,0.88,0.0031605814228125202,855,730,1222,575,939,1113
Polr3h,-0.95,0.0031613919994125236,810,693,696,1828,2550,3128
Asap1,0.95,0.0031613919994125236,238,187,240,139,188,273
Tbl1xr1,0.73,0.0031648394882308204,758,375,727,485,642,727
Otud6b,0.9,0.0031653563770258687,2704,1207,1928,1338,1879,1984
Lgr4,-0.74,0.003167027328079033,305,182,284,613,743,776
2310061I04Rik,0.64,0.003167027328079033,1060,602,1048,780,957,1157
Optn,0.88,0.003167027328079033,1990,1682,1837,1266,1895,2066
Ppp4c,-0.97,0.003187988808563704,83,54,104,219,248,320
Nfic,0.74,0.003187988808563704,5163,3331,6210,3969,4929,5819
Srrt,0.77,0.003187988808563704,746,407,709,402,625,824
Rab3ip,0.79,0.003187988808563704,319,182,294,213,239,314
Utp14a,0.79,0.003187988808563704,392,305,405,278,411,405
Scaf4,0.79,0.003187988808563704,3237,2205,4334,2372,3480,3593
Parp1,0.81,0.003187988808563704,1458,792,1346,726,1329,1443
Styxl2,1.04,0.00320621570375653,1524,889,2235,820,1301,1671
Bola2,1.04,0.0032120353479077866,355,347,581,277,397,384
Psmb7,0.72,0.003221032634248425,4754,3331,5590,3482,5134,5476
Rad21,0.78,0.0032323061955516516,1950,1193,1508,1253,1490,1855
Itsn1,0.86,0.0032323061955516516,1597,1079,1304,820,1445,1560
Adamtsl4,1.32,0.0032323061955516516,332,364,618,199,306,412
Prrc2b,0.66,0.0032529155143308265,2241,1319,2214,1453,2257,2454
D530033B14Rik,-2.04,0.003271026742008823,7,4,8,34,46,53
Fbxl22,-0.99,0.003276539848849167,132,74,94,234,363,424
Iws1,0.64,0.003276539848849167,674,441,682,534,663,731
Phactr2,0.68,0.003276539848849167,578,408,664,473,614,645
Jmjd6,0.78,0.003306504108651741,643,448,614,367,651,698
Scamp2,-0.96,0.003318177978671595,223,128,323,537,731,909
Kif21a,0.89,0.0033363073494613238,750,399,588,378,648,551
Pi15,-1.79,0.003345139434606652,27,10,22,77,158,106
Vamp3,-0.77,0.003346728282432271,418,232,317,721,919,1145
Ube4b,0.66,0.0033817271121344837,636,447,740,470,693,803
Isoc2a,0.9,0.0033853659843469963,345,290,387,251,273,418
Gm51484,-1.41,0.003389302778556978,44,18,27,97,137,164
H19,2.67,0.003391022805545103,34909,20790,12269,4206,6216,8676
Cep63,0.71,0.003408200617589797,561,371,511,349,555,606
Cd163,1.38,0.0034133444984062035,444,136,326,137,215,212
Ddx28,-0.88,0.0034145042976211452,115,67,126,226,313,419
Aga,-0.87,0.0034145042976211452,129,74,157,295,360,437
Gm45927,0.83,0.0034184919606943497,706,559,900,459,704,954
Hmgn5,2.79,0.0034280386910100586,2729,946,1008,312,357,445
Sorl1,-0.67,0.003447962206478081,864,528,935,1725,2148,2242
Ddx1,0.68,0.003447962206478081,2899,1985,2764,1966,2940,3286
Zfp84,0.75,0.003447962206478081,336,213,371,244,285,393
Gng5-ps,0.95,0.003447962206478081,326,248,305,202,222,362
Arid1a,0.69,0.0034505833888920775,634,492,721,497,637,825
Crnkl1,0.64,0.0034517305708595693,708,402,664,475,673,772
Golga3,0.8,0.0034541738936010946,1213,798,1085,732,1234,1050
Cxcl13,2.35,0.0034574256354622697,34,21,36,13,10,6
Ginm1,0.74,0.003491275762975146,2071,1592,2786,1715,2265,2511
Synm,0.81,0.003491275762975146,15849,9756,16786,9829,15600,15065
Dpf3,0.88,0.003493333961630402,237,156,263,157,235,202
Ccdc88c,0.98,0.003493333961630402,846,569,990,382,831,903
Bicra,0.99,0.0035017768344761733,232,120,274,134,157,230
Per2,1.01,0.0035017768344761733,396,273,451,199,279,486
Cdk2ap1,-1.08,0.003503787220247484,84,39,84,213,224,279
Rbmx2,1.38,0.003503787220247484,127,58,134,57,82,59
Misp3,-1.89,0.003508011897004177,8,6,12,37,59,69
Josd1,-0.79,0.003508011897004177,163,108,156,352,418,464
Etfb,0.72,0.003508011897004177,4230,2807,3678,2760,3980,4366
Trip10,0.77,0.003508011897004177,1913,1581,2510,1420,2096,2539
Ndfip1,-0.62,0.003511386313369864,697,474,723,1317,1606,1988
LOC115489044,-1.02,0.00351521943507019,387,146,363,714,988,1274
Tbx15,0.77,0.00351521943507019,6463,3452,6088,3863,6009,5749
Gstp1,-0.82,0.0035331086358646835,248,194,346,560,785,1026
Nolc1,0.85,0.0035331086358646835,981,831,1294,651,1025,1332
Crbn,0.64,0.0035478443139612447,1716,1094,1589,1300,1634,1810
Epas1,1.02,0.003562248260077765,3926,2374,2744,2264,2132,3150
Actn4,0.87,0.0035657311854043246,1021,968,1318,784,992,1371
Gtf2h4,-0.9,0.003574647759001525,108,79,119,285,321,348
Mrpl39,0.93,0.0035784127672565226,932,513,594,446,626,754
Blvrb,0.99,0.003587161010215189,159,136,168,99,148,156
Slc33a1,-1.01,0.0036024695510304505,103,54,95,213,248,397
Ube2i,-1.08,0.0036116415371068317,74,48,106,234,244,320
Mettl21c,-1.57,0.0036154104093807458,969,362,736,2757,4259,2775
Cdk17,-1.16,0.0036441528697088426,58,55,59,183,236,239
Tnnt2,1.31,0.0036441528697088426,212,159,142,74,140,150
Hmcn2,-0.91,0.003652094499924984,244,211,339,616,777,1190
Srfbp1,0.68,0.003652094499924984,356,247,407,281,367,410
Castor2,0.88,0.003652094499924984,678,299,583,359,426,620
Atp5j,0.92,0.003652094499924984,10842,7375,8806,7113,8446,8539
Atraid,-0.86,0.003654529224792009,317,254,483,809,1042,1400
Tab2,0.65,0.003654529224792009,2484,1448,2340,1725,2462,2489
Lrpap1,0.87,0.003654529224792009,1152,761,1596,689,1133,1430
Gm33432,-1.2,0.003677658345881905,48,25,47,122,180,155
Ddx19a,0.77,0.0036875687909600306,360,261,350,245,371,355
Dnlz,-0.68,0.003695013635362809,251,178,303,518,670,794
Zfp638,0.63,0.003695013635362809,1289,806,1166,933,1271,1357
Setd3,0.69,0.003695013635362809,2186,1577,2122,1504,2317,2455
Surf6,0.8,0.003695013635362809,227,144,228,141,190,254
Cdc42bpb,0.83,0.0036962788959231793,380,291,509,313,335,467
Gm53475,-1.08,0.0037000602058501774,199,115,318,521,769,917
Gm572,-0.79,0.0037000602058501774,192,99,191,334,515,541
Ralgapa2,1.07,0.0037000602058501774,168,91,212,87,146,139
Snrpb2,0.7,0.003703683833349781,985,505,839,633,768,988
Fam98c,-1.2,0.003711489553069456,108,39,79,251,285,308
Trp53inp1,-0.94,0.003716857767070554,266,192,324,491,957,1154
Aamp,0.71,0.0037185648554875525,1252,934,1671,966,1384,1643
Nars,0.72,0.0037185648554875525,3198,1890,2820,1886,3116,3167
Cops6,0.64,0.003741830856245113,1669,934,1709,1204,1509,1905
Dync1li2,0.63,0.0037504037869768685,1732,1117,1588,1239,1736,1907
Rnf113a2,0.75,0.0037623973287540967,335,188,377,238,303,341
Akap9,0.85,0.0037658310055047927,2141,1426,1836,1061,1987,2175
Pnisr,0.94,0.003774002222265086,2703,2353,3026,1525,2965,2912
Jmjd8,0.65,0.003782884036889972,922,702,1030,777,982,1113
Slfn5,0.62,0.0037969391085990152,1210,736,1195,943,1106,1378
Dnajc1,0.71,0.0037969391085990152,534,325,515,345,555,515
Stx3,0.78,0.0037969391085990152,247,184,295,172,249,303
LOC118567558,1.62,0.0037969391085990152,434,236,196,136,169,171
Zfp553,2.22,0.0037969391085990152,208,271,586,94,144,149
Rufy3,0.87,0.0038087136713284018,251,149,327,162,237,262
Mnat1,0.65,0.0038091853515473564,519,309,523,386,514,534
Fbxl6,-1.43,0.0038519481536613198,30,17,44,97,170,141
Trip11,0.76,0.0038519481536613198,859,500,639,493,701,818
Kif3a,0.82,0.0038519481536613198,301,160,277,160,268,276
Ston1,0.95,0.0038519481536613198,159,114,156,97,116,168
Rmrp,-4.4,0.0038650945170757927,1,2,0,22,19,80
Ric8a,-0.85,0.0038650945170757927,103,64,111,198,314,337
Kansl2,-0.78,0.0038650945170757927,226,135,258,414,698,671
Vps36,0.58,0.0038650945170757927,1111,686,1118,861,1131,1270
Rala,0.71,0.0038650945170757927,1185,596,962,713,1010,1073
Mtdh,0.72,0.0038650945170757927,4393,2275,4536,2943,3859,4443
Camk2n1,0.93,0.0038650945170757927,418,278,491,304,272,465
Uqcrh,0.96,0.0038650945170757927,12146,6185,8149,6491,7597,8620
Taf1,0.75,0.0038825074997830347,561,306,462,306,476,566
Mmgt1,-0.77,0.0038951662024953562,540,258,447,878,1339,1305
Ccdc12,0.67,0.003895898061935287,384,246,420,268,401,449
Dhx16,0.81,0.003895898061935287,279,221,378,226,272,347
Gm5088,1.04,0.003895898061935287,1534,840,2314,912,1383,1427
Sclt1,0.91,0.003956286532780949,148,91,139,86,113,142
Rab10os,-0.68,0.00396092289674808,515,285,454,778,1228,1404
Pxdn,-0.98,0.003964682055604681,129,61,127,311,309,403
Hspbp1,-0.75,0.003964682055604681,204,121,168,355,474,583
Rnf40,0.67,0.003964682055604681,598,456,733,467,649,799
Rock1,0.76,0.003964682055604681,866,543,654,540,722,816
Spock2,1.15,0.003964682055604681,151,150,256,123,141,159
Igip,-1.18,0.0039658767688953165,67,58,62,187,295,242
Vtn,-1.09,0.003994206796632025,145,94,208,308,580,748
Tab1,-0.83,0.003994206796632025,108,68,121,209,317,367
Abhd10,-0.9,0.00400167638231441,98,58,86,182,291,295
Akt2,-0.72,0.00400167638231441,944,679,1277,2120,2846,3023
Bccip,0.65,0.00400167638231441,1934,1104,1675,1274,1850,1928
Sts,1.64,0.00400167638231441,300,259,591,109,252,271
Tapt1,-0.66,0.004009002276988019,492,366,482,897,1261,1486
Kiz,0.66,0.004018618662863056,561,436,633,438,629,694
Mrps15,0.67,0.004018618662863056,1233,971,1413,934,1409,1565
Klf7,0.78,0.004018618662863056,339,215,327,207,271,401
Filip1,0.83,0.004018618662863056,3092,2364,2902,1988,3241,2872
Setd1a,0.7,0.004021179746027789,348,256,365,247,365,412
Rpl19,1.07,0.00403091286642251,358,320,643,245,363,466
Sptssa,-0.77,0.004043539325420802,234,134,208,482,528,614
Myom1,0.92,0.004046252079566597,22870,17211,26535,12816,23192,24888
Il6ra,1.5,0.004046252079566597,117,133,115,70,65,91
Fosl2,-1.25,0.004048917970092185,186,116,299,565,660,1168
ND2,2.32,0.004074161181288983,2470938,1298267,794830,451409,558225,543818
Srp72,0.62,0.004082984592955347,1427,833,1286,950,1425,1510
Gnb5,-1.05,0.004084099352841944,100,55,66,187,275,316
Zfp991,-3.57,0.004096477365504311,1,0,2,21,26,17
G3bp1,-0.59,0.004103954693362714,760,475,706,1266,1763,1925
Gm35383,1.66,0.00411144958118015,51,37,53,13,24,40
Tdg,-1.58,0.004118598167345542,42,12,44,125,134,227
Fam193a,0.78,0.004118598167345542,260,144,283,167,223,279
Pde4dip,1.03,0.004118598167345542,51582,38544,42931,25992,41645,45994
Trim41,0.87,0.004142083004269349,491,209,410,245,331,429
Psmc6,0.81,0.004174816274071606,3677,2246,4847,2822,3575,3699
Gm29667,1.4,0.004175510565044359,115,50,132,49,77,57
Rwdd1,0.68,0.0041814358582394065,709,560,907,582,828,894
Rarb,-0.95,0.004187668313444728,69,53,72,165,207,267
Glcci1,-1.01,0.004198319716322397,57,34,63,138,187,191
Atg16l1,-0.75,0.004199460830570983,174,128,210,339,530,599
Myo10,0.69,0.004199460830570983,995,724,1268,732,1171,1239
Nudt9,0.74,0.004199460830570983,1160,811,1405,734,1267,1474
Mypn,0.77,0.004199460830570983,5009,3959,5737,3362,5180,6456
Ndufa1,0.84,0.004199460830570983,2481,2304,2818,1964,2642,2744
Cbfa2t3,0.85,0.004199460830570983,310,155,275,198,211,269
Ryr1,0.87,0.004199460830570983,31709,19395,36931,18628,29931,32442
Gm14295,0.9,0.004199460830570983,376,206,275,206,295,266
Zfp326,0.96,0.004199460830570983,301,227,247,150,256,293
Gm42146,1.75,0.004199460830570983,168,214,265,79,160,96
Rars,0.69,0.004201417766351733,1885,981,1645,1090,1737,1873
Fkbp2,0.82,0.00420546182060797,272,217,319,227,240,303
Akap8,0.62,0.004208353642005942,911,634,1059,687,1039,1154
Lmbrd2,-0.76,0.0042354420966236195,249,123,224,429,623,621
Fam50a,0.85,0.0042354420966236195,548,378,595,287,491,686
Pde6a,-1.1,0.004242095164369687,55,29,45,119,146,204
Zfp26,-0.79,0.004242095164369687,125,83,131,273,344,361
4930429F24Rik,-0.78,0.004242095164369687,206,158,188,398,573,672
H1f2,-0.61,0.004242095164369687,1005,634,1063,1789,2215,2940
Bag5,0.67,0.004242095164369687,377,274,443,291,417,461
Kat6b,0.75,0.004242095164369687,365,225,362,257,360,322
Gm32845,1.24,0.004242095164369687,113,123,141,70,84,125
Fyttd1,-0.6,0.00429561500241753,1084,640,1049,1799,2574,2674
Trmt10c,0.82,0.0043068832872316205,953,534,687,570,630,881
Zmiz1,0.8,0.004319471147818789,665,527,896,562,592,870
Ifi207,1.17,0.004319471147818789,399,267,324,139,244,395
Gm35591,1.42,0.004319471147818789,45,35,51,21,29,33
Pole4,-0.72,0.004338963711839427,195,141,235,445,513,624
Srsf3,-0.65,0.004338963711839427,634,427,612,1193,1370,1907
Afg3l1,0.7,0.004341043535891127,746,378,689,451,704,695
Cetn3,0.76,0.004341043535891127,1040,546,839,666,875,815
Phactr4,0.84,0.004341043535891127,267,158,270,179,249,216
Gm3625,1.01,0.004343125077622719,112,89,152,81,99,116
Gm35857,2.41,0.004343125077622719,48,25,21,5,9,16
Gk,-1.81,0.0043489544463907945,9,9,9,44,58,60
Sbk1,-0.7,0.0043489544463907945,172,103,182,314,426,507
Gm53571,0.82,0.0043489544463907945,234,127,233,159,178,220
Gmeb1,0.92,0.0043489544463907945,209,170,241,164,199,187
Taf1a,0.96,0.0043489544463907945,168,143,248,136,159,190
Tceal3,1.62,0.0043489544463907945,67,26,49,20,30,26
Lancl1,-0.64,0.004353379223899059,276,171,309,509,684,774
Mir6984,-2.02,0.004371108043552662,16,4,10,57,53,94
Ndufa12,0.79,0.004371108043552662,3200,2095,2402,2005,2518,3086
Anapc1,-0.64,0.004403440520251729,348,221,319,565,849,942
Mzt1,-1.09,0.004403580047078661,274,272,476,1074,1305,1249
Trim35,-0.76,0.004403580047078661,755,566,1075,1666,2256,2987
Ing2,0.86,0.004403580047078661,276,221,394,215,314,295
Idh3b,0.95,0.004403580047078661,13629,8659,9258,7141,9803,11239
Cyyr1,1,0.004403580047078661,177,128,186,122,111,181
Gm46060,1.94,0.004403580047078661,35,38,35,16,16,16
2210418O10Rik,2.75,0.004403580047078661,16,13,20,1,6,5
Snx10,-1.21,0.004434548505563882,82,29,90,191,281,289
Pex6,-0.85,0.004434548505563882,115,86,120,285,326,359
Gm1943,1.17,0.004434548505563882,84,52,102,40,58,81
Atp1b2,1.66,0.004434548505563882,7780,4334,14022,2990,3993,6788
Pggt1b,0.88,0.004437370823876287,1072,587,700,523,822,836
Hdac2,0.68,0.004447484954442967,1893,936,1793,1189,1617,1996
Polr3d,0.66,0.00445528158806686,358,225,332,250,346,383
Fis1,-0.61,0.004473773065559965,860,481,911,1453,1977,2290
Tmem223,-0.67,0.004479706735380467,225,158,251,451,613,633
Cpox,0.62,0.004505068996193671,496,305,552,388,495,588
Zfp641,0.73,0.004505068996193671,395,223,405,240,401,398
Rfng,0.81,0.004505068996193671,191,143,233,129,197,225
Pip5k1a,-0.7,0.004506451793734324,335,195,376,647,917,870
Gm17197,1.08,0.004506451793734324,3231,2992,2647,1803,2555,3135
Acacb,0.67,0.004513125719988637,2917,2023,3309,2324,3254,3134
Ccne2,0.91,0.004514759778887107,378,160,351,191,295,293
Gpr155,-0.82,0.004516798449097581,211,159,187,397,564,758
Vps51,-0.85,0.004550948816837733,91,60,98,176,268,320
Srpk3,-0.76,0.004550948816837733,323,191,302,569,694,1098
Ufsp2,0.58,0.004550948816837733,859,557,909,709,857,1042
Psma7,0.83,0.004550948816837733,2030,1358,3027,1507,2174,2333
Nfatc1,0.81,0.004558938058328251,609,511,837,430,634,865
Serpina3k,-4.33,0.004565139775714013,1,0,1,15,47,14
Wdr5b,-1.34,0.004565139775714013,31,15,24,87,97,111
Cdc123,0.64,0.004565139775714013,1056,640,1256,810,1139,1198
Ythdf3,-0.6,0.004565706731883239,951,628,878,1624,2127,2586
Bag3,0.72,0.004566420606375039,3118,2403,3315,2306,2859,4083
Pabpn1,0.6,0.0045998642666872,1443,865,1539,1153,1373,1700
Mir6935,-1.49,0.004609086032610093,44,13,45,119,136,220
4930506C21Rik,-1.4,0.0046242135499695155,30,12,24,83,90,116
Kmt5a,0.76,0.0046358249022231506,3119,1479,2525,1963,2287,2660
Anapc13,0.69,0.004651975087634677,1639,893,1810,1135,1678,1620
St13,0.74,0.004651975087634677,2303,1180,1710,1355,1875,1952
Hsp90aa1,0.79,0.004651975087634677,1320,690,911,685,1031,1139
LOC115488765,-1.65,0.004654662747079867,36,18,17,102,100,177
Asnsd1,0.62,0.004654662747079867,2349,1489,2487,1726,2610,2558
Entpd4,-2.9,0.0046648964953216335,2,8,3,29,75,69
Ifi205,1.22,0.0046710414481280415,407,166,451,136,273,323
Cct5,0.65,0.004683684085623931,2858,1886,3459,2136,3027,3665
Hhatl,-0.75,0.004698000808243046,641,564,719,1333,1929,2399
1810055G02Rik,1.1,0.004707694738722647,156,80,180,88,88,146
Pfdn5,0.71,0.0047119455103799635,2327,1710,3207,1925,2601,2887
H4c8,-1.98,0.00472607812003451,73,79,42,413,430,500
Dipk2a,-1.1,0.00472607812003451,67,34,65,170,223,189
Ncoa6,0.78,0.00472607812003451,444,334,406,266,439,497
Garem1,1.45,0.00472607812003451,107,77,68,50,50,57
Pakap,0.77,0.004726369333538801,1228,926,1057,907,1015,1305
Rxrb,-0.73,0.004727723769919373,265,137,228,453,642,636
Mgat1,-0.68,0.00473075712201004,211,119,204,355,481,611
Cops9,-0.85,0.004756292993916774,1016,450,1045,2146,2315,2863
Tcap,1.05,0.004756292993916774,63850,58750,79624,41640,54939,74253
Ccdc73,-1.03,0.0047568344894812,103,43,92,224,296,275
3425401B19Rik,1.07,0.0047568344894812,7931,4673,4786,3929,4166,6079
Trp53bp2,1.15,0.0047680801781292284,239,208,450,149,239,301
Gm31862,2.57,0.0047680801781292284,19,16,23,7,6,3
Lsm3,0.7,0.004769282665559599,402,274,422,324,342,468
Gm12199,-2.03,0.004773363577398467,13,5,13,34,78,108
Nop16,0.8,0.004773363577398467,481,323,706,375,507,556
Laptm4b,-0.78,0.004780693018234737,215,116,227,367,634,606
Zbtb14,0.73,0.004780693018234737,216,145,249,158,213,249
Actmap,0.75,0.004780693018234737,439,255,372,236,376,473
A630072M18Rik,1.01,0.004780693018234737,115,78,117,69,101,89
Tmem63b,0.57,0.004783346791267691,883,506,875,648,865,1035
Etf1,0.62,0.004783346791267691,2735,1736,2923,2060,3015,3019
2310001K24Rik,-1.5,0.004804241367928106,19,13,17,73,72,87
Ap1ar,0.59,0.004808706913441247,732,410,703,535,686,825
Ncor1,0.8,0.004808706913441247,2527,1381,1750,1443,1992,2020
Wdr44,0.65,0.004810026796515214,517,377,500,398,505,619
Rrp1,0.67,0.004811481808856803,1203,921,1276,843,1352,1517
Sun2,-0.7,0.004814079781650392,985,649,1316,2120,2628,3214
Fmod,0.84,0.004816488745519025,4096,1986,3084,2315,2503,3734
Zfp526,0.69,0.00482378195235365,717,598,934,615,834,934
Pknox2,0.78,0.004847377404043174,653,556,632,461,625,790
Mgst1,-0.89,0.004857104636684441,531,291,491,1168,1597,1201
Banf1,-0.6,0.004858126344951091,424,293,411,766,1022,1117
Atp5g1,-1.19,0.004880558103661887,2827,1370,2027,8208,6699,7855
Mfsd3,-1.13,0.004880558103661887,42,23,41,89,131,176
Errfi1,-0.96,0.004880558103661887,385,396,607,1299,1396,1941
Alg10b,-0.73,0.004880558103661887,174,111,169,330,484,454
Fam114a2,0.62,0.004880558103661887,1357,877,1254,923,1458,1477
Cluap1,0.71,0.004880558103661887,285,216,357,231,310,348
Lrrc47,0.71,0.004880558103661887,619,341,662,460,489,686
Zbtb20,0.67,0.004887770080347854,3506,1824,2939,2133,3089,3498
Arf5,-0.91,0.004893929655940006,277,186,376,715,709,1217
Agt,-1.01,0.004894859788972756,69,48,93,168,290,255
4833439L19Rik,0.67,0.004896985250895329,2377,1535,3039,1908,2544,2799
Gm52358,-1.08,0.004904927813161243,66,62,87,222,217,337
Srek1,0.94,0.004909737793348181,1161,871,955,615,1148,941
Pafah1b1,-0.6,0.004926508877313551,1911,1141,1865,3302,4475,4689
Gm41757,1.71,0.004926508877313551,266,218,139,83,103,155
Dyrk1b,0.67,0.004927232311951217,1396,886,1785,1038,1504,1752
Tmem131,0.87,0.004927232311951217,583,476,557,372,454,728
Gm20655,1.17,0.004927232311951217,2669,1473,1983,1055,2137,1379
Ndufb4c,-0.86,0.004933929349243945,214,121,156,395,453,667
4933434E20Rik,-0.58,0.004933929349243945,525,314,520,926,1157,1302
Rcan2,0.99,0.004944808428316844,1451,643,922,758,777,947
H2ac25,-0.85,0.004952008254304184,117,103,165,317,385,479
Mir12188,-1.59,0.004976589402804743,11,10,16,46,63,81
Mff,-0.64,0.004976589402804743,1081,614,1249,1989,2664,2948
Pfdn6,0.7,0.004990640911719936,689,597,884,583,789,922
Emsy,0.65,0.005003261860190484,465,311,529,327,483,610
Mad2l2,1,0.005011629236337208,131,119,191,88,136,156
Cwc25,0.85,0.005061800055365979,255,196,298,148,280,290
Fsd1l,-0.88,0.005064401342334272,118,95,170,287,382,533
Rpp25l,-0.84,0.005066392402826276,145,112,219,383,469,575
Fam91a1,-0.86,0.005110379132672154,131,111,127,311,373,467
Snai3,1.71,0.005138953799508389,79,105,78,38,40,65
C130074G19Rik,0.94,0.005149977769765737,502,279,687,382,377,481
Thg1l,1.29,0.00516456135984394,138,50,106,53,76,67
Hmgcl,-0.73,0.005180005274974521,292,140,282,519,697,727
Lpin1,0.69,0.005188317091440036,5081,3003,5842,3796,5240,5269
Gm27177,-3.98,0.005204563085138676,0,1,2,11,52,25
Hps3,-0.99,0.005204563085138676,68,35,64,160,182,204
ND6,1.88,0.005204563085138676,1001623,568031,398767,271754,328877,307990
Mir6340,-1.15,0.0052155638234739655,39,20,33,92,115,134
Setbp1,1.08,0.005219338187306309,212,183,296,184,181,175
Msl1,0.58,0.005221492830938946,1248,744,1372,1002,1285,1453
Prdm9,1.28,0.005230087133797461,99,61,116,37,88,67
4930519F09Rik,2.6,0.005230087133797461,36,17,26,12,4,5
Gm19412,-1.34,0.005230934846543673,21,16,23,75,81,99
Cops5,0.74,0.005249619492148888,2232,1508,3073,1765,2521,2502
Srsf4,0.74,0.005257030134564833,580,388,702,364,568,779
Ccdc59,0.7,0.005262987497986156,339,254,389,268,319,445
Phrf1,0.87,0.005262987497986156,268,218,395,194,263,370
Ppic,-0.77,0.005280205843998096,242,116,264,446,592,710
Hddc3,0.66,0.005280205843998096,667,459,876,541,693,891
Tnni2,1.2,0.005280205843998096,406570,257087,498520,193429,329191,326501
Gata2,1.5,0.005280205843998096,86,57,98,32,32,82
Hccs,-0.74,0.005281837780141265,314,218,271,666,716,890
Fbxw2,0.65,0.00528464503207013,912,510,950,621,975,915
Terf1,0.91,0.00528464503207013,159,92,136,80,119,153
Atp5d,-0.78,0.0053065457309261765,2024,1116,1631,4093,4026,5494
Prnd,-2.76,0.005309869757042305,12,1,2,50,44,78
Mapkapk3,0.64,0.005309869757042305,621,384,571,443,646,612
Dis3,0.78,0.005312686036082646,227,193,271,186,232,267
Nfkbib,0.82,0.005312686036082646,495,415,465,311,467,595
D11Wsu47e,-0.97,0.005331221352354359,55,39,67,126,202,206
Apoa1,-4.66,0.005352570794053716,2,0,0,28,52,14
Pes1,0.59,0.005352570794053716,707,469,772,518,756,935
Efl1,0.8,0.005352570794053716,222,149,222,144,176,264
Aldoart1,0.89,0.005358707934661202,797,532,1041,417,885,880
Nudt3,0.61,0.005389006992849725,2239,1195,2117,1512,2165,2419
Dtnbp1,0.74,0.005410384154951387,593,432,641,438,682,563
C1qtnf12,-1.21,0.0054165590071355765,46,37,36,103,173,204
Ptges2,-0.65,0.0054187225315109845,204,141,236,405,505,626
Os9,0.64,0.005424454212484177,476,336,473,333,474,610
Ywhae,0.7,0.005424454212484177,11253,7491,12864,7856,11529,13744
Phf2,0.65,0.005473602704367958,619,374,741,511,604,706
Rchy1,-0.65,0.005501258618680824,294,175,347,564,712,847
Phc1,0.93,0.0055030280891033845,292,254,295,172,317,282
Maged1,-0.89,0.00550721481990418,170,152,168,450,475,646
Mtmr4,-0.8,0.005537073677025055,91,60,88,183,243,280
Cbx1,0.72,0.005540525069118059,1333,611,1265,761,1182,1273
Prkra,-1.14,0.005553834636345995,49,27,35,114,146,149
Gm5801,0.8,0.005553834636345995,183,116,166,112,168,172
Abhd11,-0.64,0.005609757118321314,271,156,263,435,604,777
Gm10687,-2.52,0.005613219990616912,3,1,5,25,35,28
Casd1,-0.64,0.005624583973330138,326,189,303,557,794,773
Tex264,-0.78,0.005643653337549053,136,103,131,273,351,472
Mad1l1,0.9,0.005643653337549053,140,102,156,87,114,166
Gm16897,-1.21,0.005658027976609875,78,38,59,213,169,290
Tjp3,-2.1,0.00567318235788771,6,2,8,34,38,43
Ccdc78,-1.61,0.00567318235788771,16,15,14,75,72,84
Fmc1,-0.95,0.00567318235788771,264,262,267,784,875,995
Sgpl1,-0.84,0.00567318235788771,76,49,79,162,204,250
Pwwp3a,-0.79,0.00567318235788771,120,93,141,245,346,463
Egfl8,-0.76,0.00567318235788771,192,103,151,304,475,502
Crtc2,0.79,0.00567318235788771,264,166,361,191,264,306
Gm4924,2.25,0.00567318235788771,40,13,29,10,5,13
Dnajb11,0.57,0.005687742629616396,667,429,645,474,692,828
Capza1,-0.86,0.005699538661684362,124,68,121,268,270,411
5730455P16Rik,0.6,0.0057040626812370305,1800,1100,1642,1310,1877,1862
Cep350,0.63,0.0057040626812370305,912,540,785,559,873,1035
Mndal,0.82,0.0057040626812370305,234,121,189,143,167,202
Vwf,0.96,0.0057040626812370305,333,292,587,249,358,456
Plcb4,0.99,0.0057040626812370305,771,428,566,465,383,634
Snx4,0.82,0.005713141617667039,654,507,515,434,565,644
Trim26,0.98,0.005713141617667039,365,196,528,215,286,411
Ubac1,-0.63,0.0057131504774133295,1423,898,1679,2417,3759,4284
Gm41442,1.01,0.005732745804605625,191,119,144,103,108,175
Tirap,1.11,0.005733512155520938,466,243,737,271,351,471
Fam83d,-2.02,0.005762193340363302,47,15,23,127,130,339
Gm12258,-1.68,0.005762193340363302,11,6,16,54,59,63
Snx17,-0.67,0.005762193340363302,212,132,242,365,576,635
Myzap,1.2,0.005762193340363302,90,78,128,60,57,102
Sgk1,-1.13,0.005766245795654113,2150,2012,1693,5625,7230,10185
Zfp605,1.01,0.005783946650745292,184,93,186,106,102,175
Trpc3,-1.35,0.005795285135760365,29,23,35,122,133,112
Mif,-0.68,0.005799481222610064,259,171,291,537,721,668
Snap23,0.7,0.00580775430859905,1711,825,1295,1013,1398,1504
Pabpc4,0.99,0.005809457664323004,3739,2036,5572,2649,3250,3280
Fpgt,-0.98,0.005831413289314308,65,52,78,190,237,217
Clcn7,-0.8,0.005833251715817811,152,86,142,261,347,516
Srebf1,-1.11,0.005885904041941815,213,115,333,498,917,964
Spon2,-3.06,0.005887994165023417,0,3,3,26,28,34
Rad9a,-0.84,0.005887994165023417,215,119,265,496,663,586
Creld1,-0.91,0.005898785793324298,274,128,336,504,793,1016
Stab1,-0.98,0.005909262764447608,90,42,70,154,220,300
Trim63,1.3,0.005909262764447608,8643,10705,9421,5445,8005,7489
Mob1a,-0.64,0.005919527866382527,219,134,240,428,524,588
Dctn1,0.62,0.005941296872851733,1587,1181,1867,1204,1771,2208
Zfp867,-1.13,0.005955788288397987,79,55,53,194,266,234
1300002E11Rik,0.96,0.005967683779480228,156,85,129,85,124,108
Timp3,0.59,0.005973702267856592,3723,2461,3709,2736,3789,4685
Chd2,0.97,0.005995664305532338,1455,727,1000,731,1112,835
Septin11,0.72,0.00600315176834517,1131,993,1503,885,1368,1562
Zfp120,0.75,0.00600315176834517,375,273,328,273,358,358
Syne1,0.76,0.006013427885392347,1436,1158,1869,1149,1789,1526
Zfp935,0.79,0.006025250438660983,172,115,173,127,143,177
Calr,0.62,0.006028065976667749,3311,1847,3319,2145,3365,3751
Slk,0.79,0.006028065976667749,1608,1084,1233,962,1541,1397
Gm14305,1.04,0.006033563531122157,179,88,137,104,100,118
Plet1os,0.96,0.00604564212402232,376,208,232,187,220,307
Acsl6,-0.65,0.006058822403649684,839,553,1012,1536,2484,2320
Mfsd14b,-0.9,0.00607039111027118,148,98,104,291,404,417
Arhgef10l,-0.63,0.00607039111027118,459,269,421,858,1007,1079
Gtf3c1,0.64,0.00607039111027118,411,299,485,302,452,556
Pcm1,0.61,0.006083841801919585,1804,1081,1571,1189,1861,1897
Lbp,-0.86,0.006132701116774826,126,78,93,242,333,340
Scaf11,0.62,0.006132701116774826,1067,722,1157,780,1278,1196
Cd200,0.68,0.006132701116774826,382,254,457,312,348,486
Bmp4,1.32,0.006132701116774826,236,112,156,76,85,186
CYTB,2.03,0.006132701116774826,2562367,1228265,868626,552624,694182,681839
Coro1b,-0.81,0.006144914565063415,122,101,180,308,418,467
Nom1,0.67,0.006144914565063415,408,276,384,289,438,407
Rora,0.59,0.006145922150116498,2395,1750,2556,1985,2706,2844
Neurl2,-0.79,0.006155201817483423,141,69,142,254,377,380
Cdk19,-1.22,0.006165097894622302,406,150,428,902,1575,1214
Wbp4,0.57,0.006165097894622302,745,446,655,548,721,826
Vps41,0.66,0.006165097894622302,1134,655,911,691,1106,1101
Smco4,-1.26,0.006171185379208895,51,23,61,174,172,173
Acat3,-0.54,0.006171185379208895,677,419,691,1109,1443,1842
Dnaja1,0.61,0.006171185379208895,872,462,754,543,822,933
Prrc2a,0.62,0.006171185379208895,1536,996,1401,1016,1478,1924
Nol10,0.91,0.006171185379208895,243,108,221,114,167,229
Jun,1.5,0.006171185379208895,2854,2960,2246,1146,1638,2436
Gm13707,-0.8,0.006204025484633693,148,82,122,284,309,439
Kcna7,0.8,0.006211825972580286,4047,2319,2790,2524,2889,3427
Polr2j,0.81,0.006211825972580286,590,504,585,358,639,688
Gm38650,-2.23,0.006220898264114609,7,8,13,52,115,55
Wipi1,0.63,0.006220898264114609,1119,776,1068,946,1039,1229
Smarcc1,0.77,0.006236271455047685,518,309,392,266,452,512
Wasl,0.56,0.006240639237142527,565,389,607,469,598,731
Eif4enif1,0.62,0.006240639237142527,506,341,484,363,559,553
Prxl2a,0.88,0.006240666160911358,582,596,767,510,669,629
Mylk2,0.84,0.006246552020077064,15191,9326,20451,9575,15462,17008
Pim1,-0.86,0.006255242074472661,214,117,210,529,520,543
Erg,0.94,0.006273639664074645,412,228,438,314,252,342
Cir1,0.74,0.006277447877554152,210,161,238,169,195,254
Ly6g6d,-4.29,0.006285529735704766,2,0,0,17,41,16
Erh,-1.09,0.006285529735704766,38,29,48,125,135,149
Tmem168,-0.75,0.006286299423491805,207,115,160,381,442,530
Mall,1.39,0.0062877996476531145,49,45,70,22,34,52
Atp6v1b2,-0.6,0.006302501486640865,573,416,616,959,1446,1785
Gm36109,1.83,0.006303050322592984,63,21,33,16,16,22
Ing1,0.7,0.006333036465826401,267,147,255,191,228,264
Gm51576,1.19,0.006386183310803032,63,35,72,29,47,48
Prrg1,-0.94,0.006406542798497126,60,56,81,161,219,272
Rexo1,0.7,0.006407391242400198,220,146,238,157,202,271
Plscr4,0.83,0.006407391242400198,169,108,165,125,134,155
Zc3h4,0.64,0.006427132111229108,424,278,465,293,491,481
Gm10860,-1.7,0.006453684785745767,14,5,11,42,48,75
Dgat1,-0.93,0.006453684785745767,57,43,65,145,164,224
Pitpnc1,0.94,0.006453684785745767,2322,1347,1366,1215,1506,1732
Elk4,0.87,0.0064605062430527155,169,91,163,84,149,157
Cd320,-1.52,0.006472269768796568,44,39,22,124,176,234
Calm2,0.78,0.006478672813798258,7430,3495,7809,4888,5708,7275
Ube2d2a,-0.75,0.006484166641425185,286,133,250,466,583,830
Necap1,-0.81,0.006501492861199202,110,93,159,272,367,439
Lrp6,0.86,0.006501492861199202,1556,772,962,853,1001,1179
Ift43,0.96,0.006501492861199202,197,101,184,116,163,128
Wdr77,-0.66,0.006513561250716028,207,165,234,425,584,624
Tlk2,0.52,0.006514955365017548,1010,654,998,813,1090,1223
Rufy1,0.54,0.006514955365017548,634,435,649,505,686,815
Mxi1,0.6,0.006516029345509297,607,433,700,449,703,813
Btg1,-0.73,0.006519554970154611,232,125,248,371,647,668
Fbxo32,1.06,0.006521140888892904,5873,4821,5661,3562,5936,3895
Bc1,2.74,0.006521140888892904,35,44,21,10,4,12
Ncam1,0.78,0.006525977796246431,184,135,184,117,171,217
Srp68,0.64,0.006543537831410987,1618,1220,1912,1172,1871,2225
Polr1a,0.73,0.0065510768049417,725,432,631,392,614,863
Tmpo,0.78,0.006601323624508701,1508,1063,2331,1139,1675,1970
Gm30020,-1.02,0.006605683947760457,104,38,88,184,290,297
Ndfip2,-0.76,0.006605683947760457,165,81,158,317,393,414
Nop2,0.76,0.006605683947760457,344,182,388,211,287,405
Ppp3ca,0.6,0.006613397234814879,5094,3416,5626,3936,5331,6604
Mrpl28,-0.82,0.006614617063322366,221,212,269,484,810,873
Ntmt2,-0.66,0.006614617063322366,305,191,252,555,660,777
Zfp384,0.58,0.006614617063322366,396,253,415,299,432,473
Pgm2l1,0.62,0.006614617063322366,701,355,593,458,629,700
Gnas,0.81,0.006614617063322366,15091,13255,16590,11584,14621,18390
Azin1,-0.75,0.006634181800035633,731,346,560,1310,1608,1591
Grin3b,-1.81,0.0066390808543565745,10,8,19,75,74,64
Cops8,-0.55,0.0066451863206029175,712,477,772,1151,1722,2002
Tal1,1.37,0.006645366730431436,48,37,49,26,24,38
Abcb8,-0.77,0.006660206899292768,188,152,206,448,461,684
Mrpl42,0.59,0.006663705740842187,3506,2305,3245,2732,3467,4015
Mtres1,0.85,0.006708647725929695,1463,838,926,843,962,1237
Eng,0.89,0.006716107870424406,447,406,665,285,513,629
Cenpj,1.16,0.006716107870424406,113,70,159,48,105,106
ND5,2.03,0.006716107870424406,1567177,827878,532019,378348,440184,386309
Psmb3,-0.63,0.0067211433322513225,469,297,564,979,1171,1246
Ntmt1,-1.08,0.006731322315676886,47,46,80,160,233,224
Tuba1a,-0.83,0.006738573075684921,335,146,316,686,688,919
Sgpp1,-0.68,0.006752306431568312,264,141,251,500,540,693
Akap8l,0.89,0.006752306431568312,525,469,825,384,687,598
Ighg2b,8.3,0.006752306431568312,43,16,236,0,0,1
Sec31a,0.6,0.006754907442311049,904,656,846,670,951,1123
Myl12a,1.03,0.006754907442311049,5003,4785,4200,2881,4127,5270
5930430L01Rik,1.12,0.006754907442311049,126,111,110,60,94,128
Gbp5,1.13,0.006754907442311049,81,44,97,50,51,66
Mtfr1l,-0.55,0.006792074281558292,896,603,921,1480,2251,2292
Cdk16,0.58,0.006795620957174642,1351,847,1570,1131,1331,1737
Nox1,-1.93,0.0068099567455658485,6,8,6,30,48,54
Rrs1,0.69,0.0068099567455658485,453,392,593,392,505,637
Nucb2,1.14,0.006816482067707286,411,139,242,157,199,233
Tars,0.55,0.00681901554385213,1244,854,1393,956,1464,1629
Myh13,1.09,0.006834605737903414,510,379,350,211,422,397
Muc6,-0.96,0.006835823259121358,53,41,73,158,177,209
Gm44505,1.02,0.006835823259121358,3276,1451,1841,1383,2072,1933
Ece1,0.79,0.006855416285204219,1355,1177,1978,1300,1513,1546
Gm38553,-0.71,0.00686246823533826,230,123,198,442,474,579
Rad54l2,0.88,0.00686246823533826,168,111,218,99,154,208
Gm19299,-1.9,0.006897936964142011,9,8,31,66,94,144
Rmc1,-0.74,0.006932102528363374,228,114,220,371,618,572
Amd1,-2.23,0.006957248531701263,6342,1433,6153,22059,43944,37680
TrnL1,2.44,0.006970268422872703,33050,14282,10425,5653,6042,5911
Pdcd5,0.65,0.0069837773825436175,660,432,721,458,790,707
Baz2a,0.58,0.007004628447704078,401,285,433,339,435,490
Xpc,0.82,0.007034892294798945,233,190,332,172,286,270
Nktr,0.64,0.007080597052994534,1082,654,887,656,1089,1124
Rnf214,-0.58,0.007096860856035962,760,414,735,1162,1801,1815
Tbc1d14,-0.74,0.007099405032695101,122,65,113,219,290,326
Rbms2,0.63,0.007099405032695101,997,491,848,688,843,960
Dars,-0.51,0.0071054893895317085,1074,662,1078,1740,2344,2677
Ppie,-0.73,0.007107604628387611,122,89,143,229,366,410
Atxn2l,0.69,0.007110026057508046,615,504,705,426,691,853
Degs1,-0.67,0.007114157356557397,242,127,235,391,518,705
Heca,-0.64,0.007114157356557397,287,184,261,545,679,688
Entpd4b,-2.79,0.007147351402062693,2,8,3,25,74,61
Mmp24,-0.87,0.007186188601074132,122,59,131,271,333,323
Snapc5,0.56,0.007186188601074132,792,546,823,615,939,926
Wtip,-1.37,0.007196685116243544,17,20,25,68,86,124
Mrpl35,0.57,0.007196685116243544,774,468,686,604,739,835
Xaf1,1.46,0.007196713485066881,201,70,107,41,84,108
Wsb1,-1.13,0.007198318642439378,122,69,105,370,382,296
Gm53562,0.83,0.007198642355767745,376,235,305,217,249,422
Gm14410,1.06,0.007222701219410586,233,123,146,84,140,191
Cavin3,-0.7,0.007223554316359509,196,122,185,367,407,612
Marchf7,-0.63,0.007223554316359509,505,371,637,1079,1429,1400
Phaf1,-0.68,0.007230147342317244,191,121,218,368,541,503
Rfc1,0.62,0.007249881015538922,496,326,434,342,515,541
Pcbp4,-0.69,0.007257131245302366,307,166,374,609,744,896
R3hcc1l,0.74,0.007257131245302366,246,199,318,200,244,339
Bcorl1,1.03,0.0072751491497696314,128,98,208,100,103,151
Mtx3,-0.81,0.007289743797847672,168,144,165,334,560,560
Bmp1,-0.7,0.007292417499115023,251,130,199,367,579,655
Ier5l,-1.59,0.007303391146180322,15,6,20,42,78,89
Kri1,0.77,0.007311108555588537,273,206,387,231,259,364
Slc7a8,1.2,0.007321868860429872,522,324,645,210,301,617
Sco2,-0.76,0.00732255577324736,95,68,101,193,276,286
BC002059,1.05,0.007338290251999882,277,160,184,168,150,179
Kif1c,0.7,0.007341062116985133,11805,8582,14991,9140,13547,13986
Aarsd1,0.78,0.007343071703811764,489,466,552,392,488,658
Prrx2,-2.27,0.007364431417768386,5,1,5,24,35,31
Gm41292,2.33,0.007416106414873387,26,16,19,9,3,8
Mecp2,0.57,0.007438666411298166,670,493,821,574,765,934
Zfp983,-1.27,0.007456610325861371,27,15,20,74,83,94
Pptc7,-0.64,0.007456610325861371,1485,827,1240,2645,3197,3320
Aven,0.82,0.007470102692552625,251,188,311,157,303,266
Cplx2,1.61,0.007470102692552625,62,40,42,20,18,43
Slc6a6,0.65,0.007476055030579016,1796,1154,2029,1227,1689,2500
Flot1,0.71,0.007476691467464927,767,640,945,538,855,1117
Xirp2,1.07,0.007502361387616454,52616,24294,30868,19246,34267,33213
Smarcc2,0.55,0.007506593421840229,904,613,886,677,1040,1081
Dhx8,0.75,0.007534148301267224,265,219,259,186,256,325
Snw1,0.52,0.007537552164289025,2308,1434,2392,1811,2487,2894
Exosc3,0.88,0.0075381205623622485,295,226,480,250,268,387
Gm52390,-2.16,0.007540856043752961,4,7,9,37,72,44
Mir12193,-1.14,0.007552365121749467,26,19,32,67,107,115
Ddah2,-0.94,0.007552365121749467,66,39,93,168,208,253
Abhd16a,-0.54,0.007552365121749467,505,302,543,817,1189,1279
Dym,0.57,0.007552365121749467,1046,817,1264,915,1250,1425
Naa16,0.61,0.007552365121749467,410,240,448,279,439,489
Klhdc10,-0.56,0.007556810103968195,370,230,335,613,786,922
Mvb12a,-0.92,0.007565535312201671,127,63,80,230,283,348
Sfswap,0.63,0.007573979196129805,439,328,528,331,476,627
Kdm6b,0.72,0.007573979196129805,674,410,790,584,553,725
Tm9sf2,-0.65,0.007582418824340426,971,543,737,1663,1956,2304
Ube2d1,0.77,0.007602313044752997,4095,2138,5226,2646,4055,4351
Cacna2d4,-2.27,0.007672827422413903,30,4,6,91,101,127
Tmem185b,-0.95,0.007692761877225524,46,27,47,96,140,156
Serpine2,-0.75,0.007712584975946282,1306,639,887,2103,2537,3337
Calm1,-0.63,0.007712584975946282,6273,3594,6517,11188,14697,16100
Rb1cc1,0.78,0.007721709878911088,4383,2234,2920,2440,3428,3459
Lrrcc1,0.84,0.007721709878911088,385,191,264,201,239,353
Rnft1,-0.54,0.00772474166631698,483,318,484,860,1086,1182
Skp1,-0.57,0.0077379692136292245,2810,1691,2722,4599,6575,6782
Myh8,0.91,0.007740361448679099,3501,2215,3769,1500,3525,3736
Amfr,-0.59,0.007742793659386934,947,691,1027,1677,2652,2519
Apln,-1.81,0.007750741914029078,14,10,10,48,49,110
Fcf1,0.77,0.007750741914029078,217,133,173,143,177,196
Serpinb6b,-2.1,0.0077738683084107385,9,2,5,37,34,44
Ndrg2,0.84,0.0077738683084107385,24816,22478,28365,18127,27040,28443
Entpd2,-1.1,0.007777044349616351,53,29,71,142,151,257
Gnb2,-0.62,0.007777044349616351,381,249,477,774,886,1183
Sf1,0.56,0.007777044349616351,1168,673,1311,919,1191,1461
Rsbn1l,0.6,0.007777044349616351,525,335,504,440,502,562
Copg2,-1.04,0.007781006962783628,203,83,139,280,581,620
Gm42067,-1.51,0.007781414327884559,24,8,32,94,100,101
Hk2,1.1,0.007790608809906044,10865,8607,7363,5379,6488,10406
Ehbp1,0.66,0.007811591069374935,269,188,281,205,299,285
Asb1,-0.82,0.00782450570178665,112,68,84,210,264,315
Tomm22,-0.54,0.007825569212510822,440,263,437,724,895,1177
Atp5md,0.83,0.007825569212510822,4651,2583,3289,3031,2897,3956
Sipa1l3,1.12,0.007825569212510822,57,38,64,29,45,50
Hoxa7,0.77,0.007860896839266348,167,108,203,113,155,206
Chmp3,0.68,0.007867002479000195,1253,643,1270,982,1046,1182
Gm51959,1.38,0.007867002479000195,46,35,78,21,35,47
Zfp30,1.2,0.007881480920263575,130,80,114,63,54,124
Sec24d,-0.97,0.007935805599903594,101,38,82,181,230,306
Cd274,1.09,0.007935805599903594,68,51,76,41,45,70
Dpm2,-0.88,0.007985641014828262,72,35,64,132,185,210
Snx24,-0.76,0.007985641014828262,102,62,110,198,243,344
Cfap68,0.68,0.007985641014828262,365,178,353,254,305,359
Orai1,-0.79,0.008020743320861648,311,209,442,653,849,1314
Srsf6,-0.61,0.008020743320861648,633,496,825,1217,1857,2011
Impa1,-0.59,0.008034354891749753,273,153,264,466,621,644
Tcof1,0.64,0.008034354891749753,532,297,617,357,538,658
Inka1,-2.16,0.008047317792363916,5,3,7,19,51,46
Ppfibp1,0.76,0.008047317792363916,953,491,933,520,999,816
Atp1b4,1.22,0.008047317792363916,92,89,98,38,79,96
Evi2,1.49,0.0080959095486694,118,37,64,39,43,45
Mpp3,-1.05,0.008108784932933077,77,79,69,210,296,310
Ubr4,0.54,0.008108784932933077,1499,1040,1547,1129,1756,1914
Rdx,0.57,0.008108784932933077,3804,2178,3327,2621,3721,4241
Pdia6,0.56,0.008121853960881035,1177,619,1084,856,1063,1338
Tmem18,-0.69,0.00814649602215986,140,86,160,242,374,439
Mia2,0.6,0.00814649602215986,1422,890,1394,903,1539,1766
Dhdh,0.69,0.008150928824853663,1320,748,1219,779,1438,1220
Bcl9l,0.58,0.008186016907228387,435,265,444,346,398,537
Ccdc97,0.64,0.008186016907228387,534,288,565,416,447,599
Eif4g1,0.67,0.008200301435242729,9036,5498,9788,5667,9519,10811
B3galt5,2.82,0.008200301435242729,27,20,41,2,1,18
Copz1,-0.62,0.008211993246257624,281,183,329,462,768,846
Cep19,0.7,0.008214475199404695,243,179,231,166,257,268
Letm1,0.78,0.008225882837549886,1162,834,837,763,924,1162
Rbm5,0.67,0.008248211281775145,917,724,1104,630,1097,1272
Ebna1bp2,0.72,0.008248211281775145,714,672,929,567,852,1037
Bloc1s4,-0.98,0.008260153617407473,70,38,104,178,230,286
Xpot,-0.6,0.008260153617407473,295,181,280,439,708,807
Mir711,-2.65,0.00826037320592887,3,2,1,20,16,30
Ptpa,-0.61,0.008270147091752191,312,164,270,520,653,720
Stradb,-0.58,0.008270147091752191,841,440,759,1191,1841,2096
Mir8094,-1.02,0.008270425846610035,72,70,100,175,277,415
Ehbp1l1,0.62,0.008273265225451314,7836,4773,7036,5147,7577,9144
Gm29417,-1.65,0.008275955290497732,13,7,13,58,45,69
Tymp,-0.73,0.008275955290497732,97,68,106,194,276,288
Podn,1.07,0.008275955290497732,294,179,306,125,168,351
Nprl2,-0.94,0.008281832220191429,76,45,76,135,271,237
Mbd3,0.63,0.008301441093961283,1138,804,1568,924,1318,1588
Pik3ip1,0.53,0.008302729521593815,1126,762,1125,878,1319,1348
Gm33033,1.66,0.008302729521593815,84,83,122,18,58,87
Bub3,-0.61,0.008307895794511874,346,202,415,592,857,1005
Bcap31,-0.53,0.008321991884371218,539,314,494,796,1177,1318
Mast2,0.62,0.008334798626578476,1261,890,1212,827,1351,1635
H2-Q4,1.7,0.008334798626578476,318,307,492,173,112,304
Sympk,0.56,0.008359528675981555,872,664,1071,750,1061,1209
Rps15a,-0.93,0.008371266119474054,636,438,1092,1973,2273,2456
Rpl37rt,-0.78,0.008381588119315395,1434,769,1920,2890,4471,4268
Ube2r2,0.62,0.008381588119315395,3440,1994,3977,2802,3548,3687
Kalrn,0.7,0.008381588119315395,298,215,291,211,254,385
Gm36712,1.08,0.008398159183157507,359,213,211,144,270,222
Esrra,-0.74,0.008399158713091447,760,418,516,1354,1617,1756
Irf5,0.71,0.008399158713091447,546,412,501,337,605,610
Rin3,1.23,0.008399158713091447,157,119,171,48,121,169
Gm29688,1.29,0.008399158713091447,40,29,58,22,30,35
Uhmk1,-0.64,0.008433268918698566,232,154,229,371,633,630
Btnl9,1.64,0.008433268918698566,40,30,33,13,27,16
Hsd17b7,-1.26,0.008456089997592122,63,65,48,153,272,334
Nkpd1,-1.97,0.008483877489549254,6,5,5,24,32,53
Olfml2a,1.32,0.008483877489549254,74,28,70,26,47,40
Gm47438,-1.22,0.008522974440380167,61,24,38,148,133,190
Gm14403,0.78,0.008523675706590654,345,157,248,180,246,304
Glo1,-0.51,0.008534578032555432,746,447,691,1121,1630,1791
Dolpp1,-0.8,0.008554321830237748,98,62,89,164,253,326
Pisd,-0.72,0.00855976482104101,111,83,145,228,339,384
Gsta3,-2.64,0.008585341604534405,10,7,24,44,187,220
Spsb3,-0.55,0.008585341604534405,258,160,247,428,567,651
Pnpla2,0.74,0.008585341604534405,3286,2390,2712,2469,3071,2991
Slc6a17,2.17,0.008585341604534405,17,18,16,6,6,7
Tceal8,0.61,0.008613328786752982,503,351,436,372,498,581
Prelid3b,0.58,0.00864034175558913,1234,674,989,873,1068,1296
Thoc2,0.69,0.00864034175558913,991,525,723,648,834,826
Ankrd46,-0.71,0.008654457654373887,151,111,206,332,407,558
Nradd,-2.85,0.00865580219784222,2,3,1,11,34,33
Gm9920,1.35,0.00865580219784222,105,41,152,42,71,78
Ift52,0.78,0.008713172604319768,212,161,202,167,199,199
Pde12,-0.69,0.008719129954795601,132,73,125,230,291,371
Anxa11,0.69,0.008775165384958778,1779,1348,2513,1509,1798,2610
Ceacam1,1,0.008785511395141499,137,108,118,63,123,131
Brd3,0.63,0.008801087607698743,525,254,508,353,463,565
Rmi1,-0.74,0.00882168309304416,158,121,210,308,541,542
Ahsa1,0.55,0.00882168309304416,2252,1458,2150,1662,2244,2956
Dazap1,0.56,0.008828412758534208,455,297,474,331,478,610
Hmgn2,-1.32,0.008862791182868293,59,88,71,264,310,394
Tusc3,-0.85,0.008886559370645844,66,38,58,127,174,190
Tma7,-0.57,0.008886559370645844,1011,590,869,1432,2239,2576
Ubtf,0.56,0.008886559370645844,1048,683,1294,891,1241,1285
Map3k14,1.03,0.008888277393833223,104,103,126,67,115,100
Odf2,0.85,0.008892842880327536,195,158,218,108,211,234
Hhex,1.72,0.00891907163925987,35,16,32,16,11,14
Guk1,-0.69,0.00892376407979015,210,131,256,395,642,573
Rgmb,-0.56,0.008963654174209523,361,218,390,624,754,1013
Cast,0.59,0.008965683260801941,2510,1624,2072,1817,2427,2791
Ttl,0.69,0.008965683260801941,223,155,280,160,241,294
Acot8,-0.96,0.008968482995539307,54,37,44,105,167,178
Klhl28,-0.73,0.008968482995539307,247,128,185,437,473,639
Akap7,0.84,0.008968482995539307,313,174,202,158,240,257
Bricd5,-1.1,0.00897722550352861,40,27,65,106,188,182
Taf5,0.83,0.00897722550352861,4195,2312,2968,2769,2528,3572
Mlip,0.77,0.008981103875020194,1856,1475,2142,1161,1775,2732
Pfdn2,0.61,0.009009146904231456,2245,1241,2333,1476,2489,2419
Zfp433,-1.55,0.009053295484260619,16,9,18,41,98,75
Mcat,-0.79,0.009057484613730498,89,62,97,209,218,290
Endog,-0.81,0.009060288274922022,260,229,241,572,670,1000
Ndufa3,0.61,0.009115445901191514,3958,2739,4196,3491,4149,4267
Dap3,-0.52,0.009139742647512468,551,349,510,872,1246,1302
Rgs9,-2.65,0.009151298489207128,1,2,4,26,17,33
S1pr3,-1.27,0.009151298489207128,23,28,50,109,131,174
Dusp8,-0.64,0.009151298489207128,259,179,232,502,558,706
Tmsb4x,-0.61,0.009151298489207128,5571,3067,5465,9695,11507,14626
Gm52783,0.78,0.009151298489207128,269,197,324,155,301,341
Habp4,0.61,0.009205199365678826,524,348,446,355,546,583
Mrpl43,0.62,0.00920701629387122,429,349,468,377,448,564
Acss1,1.44,0.00920701629387122,769,654,477,282,521,444
Osmr,0.86,0.00922026039614873,235,168,211,113,227,253
Znf41-ps,-3.29,0.009251656280238751,0,1,4,37,21,26
Rnf217,-1.03,0.009251656280238751,66,59,51,156,219,254
Cbx3,-1,0.009251656280238751,106,58,89,274,213,348
Neurl4,0.54,0.009251656280238751,375,237,382,284,399,473
Cdh5,0.59,0.009251656280238751,1133,700,1152,943,977,1408
Rassf8,0.7,0.009251656280238751,378,204,306,272,291,339
Gm12722,2.12,0.009251656280238751,17,10,18,4,8,5
Psmb10,-0.88,0.009265065987501602,94,41,91,186,211,290
Ddx24,0.54,0.009266643630899506,1088,698,1125,779,1285,1347
Hacd4,-1.12,0.009282239433189315,39,23,29,99,99,134
Sinhcaf,-2.45,0.009304626440035574,2,1,3,11,22,25
Ctsd,-0.67,0.009314976930228662,6233,3031,5208,9317,13606,15449
Edf1,0.76,0.009331283141106955,1266,1087,1976,998,1440,1956
Gmppb,0.79,0.009341623750954903,285,258,402,228,284,432
Gm38396,0.79,0.009345835650171335,200,126,205,163,159,184
Usp36,0.66,0.009380252098941609,297,239,345,217,354,391
Ccnd3,-0.72,0.009423964444203448,149,85,168,249,374,498
Hoxa10,-0.61,0.009432985950058263,222,148,269,463,531,633
Rab27a,1.54,0.009475798884435565,77,47,96,23,28,79
Pdzrn3,0.5,0.009484445699293036,2016,1313,2072,1614,2188,2681
Gatad1,0.51,0.009484445699293036,955,556,850,735,964,1074
Jmy,0.7,0.009517757412335895,937,658,701,652,823,950
Rpl37a,1.1,0.009523486509589656,579,515,1176,520,565,655
Snrpe,-0.68,0.009532058247683637,150,84,158,271,326,457
Nudt11,-1.8,0.00953876208796928,9,3,10,30,55,44
Ppp2r3d,-0.75,0.00953876208796928,88,61,100,180,268,258
Cfl1,0.53,0.00953876208796928,1609,906,1408,1151,1518,1913
Ift57,0.82,0.00953876208796928,149,82,184,96,139,156
9130019P16Rik,1.68,0.00953876208796928,54,28,49,7,28,35
Rhob,-1.23,0.009544321171860342,276,260,526,977,1175,2149
Tsen34,-0.92,0.009544321171860342,207,95,187,513,424,554
Synpo,0.57,0.009544321171860342,2053,1450,1939,1538,2027,2737
Neurl1a,-0.62,0.0095678942575809,1140,603,1333,1955,2765,3059
Gm16861,-1.11,0.00958069545504475,31,17,32,67,93,134
Prpf31,0.72,0.00958069545504475,452,232,425,241,377,530
Mrpl46,0.84,0.009591063902258157,592,456,500,404,400,695
Dcaf6,0.55,0.009600506156260903,4477,2763,4918,3398,4897,5711
Acvr1b,0.85,0.009640154108133035,1223,814,1652,711,1071,1751
Amy1,1.08,0.00966301381505998,1287,830,1163,826,1049,664
Nuak1,0.77,0.009676833710382686,275,223,258,169,276,336
Myo1d,1.05,0.009688115808920574,77,57,89,59,57,63
ND4,1.77,0.009688115808920574,1317675,643102,451207,354084,425618,408280
Vezf1,0.57,0.009692969480320175,1614,1282,1910,1452,1986,2071
Mbtps2,-0.63,0.009703114789118075,181,138,211,387,490,507
Car8,-1.07,0.009763160064117095,70,61,51,187,203,271
Tbl3,-0.7,0.009767683507984546,137,96,136,234,402,393
Ftsj1,-0.64,0.009767683507984546,136,102,163,268,370,424
Chchd3,0.59,0.009767683507984546,7196,4239,6029,5014,6760,7779
Anapc7,0.75,0.009767683507984546,364,290,376,227,341,506
Marcksl1,-1.62,0.009775356272922229,9,4,12,35,43,51
Ap3s1,-0.94,0.009775356272922229,71,49,63,176,221,189
Vps26c,-0.8,0.009779603124175642,103,52,93,212,239,261
Eea1,0.61,0.009779603124175642,1011,614,876,671,1108,988
Dmd,0.8,0.009829101034099562,3827,1981,2527,1844,3260,3020
Mfsd4b3-ps,-1.12,0.00985390670251985,25,22,30,74,109,102
Nos3,0.8,0.00985390670251985,127,92,148,99,108,149
Wfdc8,-7.08,0.009854462310360647,0,0,0,13,34,16
Tektip1,-2.36,0.009854462310360647,6,2,3,33,21,42
G2e3,-0.91,0.009854462310360647,44,28,49,100,134,147
Mrps35,0.73,0.009854462310360647,394,320,337,280,375,449
A930005H10Rik,0.84,0.009854462310360647,205,202,307,156,262,270
Wbp1l,1.05,0.009854462310360647,1783,1315,2031,732,1390,2285
Cmtr2,-0.91,0.009860430288250635,58,33,68,146,166,179
Gm45972,-1.11,0.009868978430980791,323,163,377,536,1385,1236
Ankrd10,-0.63,0.009868978430980791,196,153,259,391,567,641
Txnrd1,0.54,0.009868978430980791,1465,920,1713,1126,1739,1879
Tmf1,0.62,0.009872856204725439,691,346,631,472,682,637
Hoxb3,2.19,0.009872856204725439,30,26,18,4,7,17
Gt(ROSA)26Sor,-0.9,0.009883656871117608,77,70,110,245,277,278
Marchf6,-0.52,0.009906880192472312,1663,1043,1723,2572,3926,4203
Phax,0.56,0.009906880192472312,625,401,666,477,609,872
Zeb1,0.58,0.009906880192472312,1155,603,995,749,1177,1149
Jdp2,0.79,0.009906880192472312,180,95,190,96,162,194
Obscn,0.8,0.009906880192472312,19922,13395,14911,11127,18075,18820
Gm16062,-0.56,0.00990802966481066,349,226,362,671,733,903
Nudcd1,0.6,0.00995370260131786,453,365,525,419,482,605
Hnrnpk,-0.51,0.009966855306112977,1350,924,1523,2304,3037,3860
Dbr1,0.82,0.009966855306112977,138,108,156,113,114,158
Sypl,-0.64,0.009978697634983772,2377,1691,3325,5070,6662,7519
Ccnl2,-0.69,0.009997761817072313,447,361,656,897,1462,1677
Ttr,-4.38,0.010001544273820146,0,0,1,12,20,12
Igbp1,0.53,0.010004240439081104,858,477,788,613,917,932
Epm2aip1,-0.48,0.010030800546234933,730,468,786,1215,1546,1909
Arhgap28,-2.07,0.010040958098910941,4,6,9,38,61,36
Dusp13a,-0.72,0.010056384844785184,369,157,358,611,890,880
Med23,-0.78,0.010072629934378989,83,47,75,153,190,249
Tex38,-0.71,0.010072629934378989,151,86,126,292,321,377
Gm14444,2.21,0.010072629934378989,37,27,24,2,10,21
Hacd3,-0.6,0.010077232485544037,182,116,171,302,398,509
9530026P05Rik,2.05,0.010088760284607914,17,13,25,7,4,11
Usp47,0.65,0.01012206566698723,7842,4564,6059,5012,7306,7608
Gm10157,-0.83,0.010132507460699691,85,68,136,214,307,346
Ccn1,0.92,0.010132507460699691,617,429,641,398,358,776
Sft2d2,-0.61,0.010138114664417539,216,136,231,390,571,526
Car12,-2.16,0.01015240649498477,3,3,5,18,38,29
Gm35034,-2.92,0.010162105387930356,2,0,3,23,16,27
Fbxo44,-2.7,0.010162105387930356,1,1,18,62,63,92
Gm54304,-1.51,0.010162105387930356,24,18,16,97,70,109
Ascc2,0.61,0.010168663825998698,323,226,304,222,342,398
Dnaaf4,1.56,0.010168663825998698,72,35,39,20,39,24
Gm33302,4.4,0.010168663825998698,577,154,1289,49,37,59
Ccdc6,0.58,0.010201502327040868,1047,629,1225,765,1053,1452
Ccnl1,-0.56,0.010218533166259546,342,272,386,642,850,1032
Mdc1,0.83,0.010218533166259546,150,110,169,87,137,195
Gm48914,-0.95,0.01023003321097158,43,31,41,96,119,166
Zmym6,-0.71,0.010231971880294882,116,69,105,185,282,339
Gm51538,1.48,0.010238358179042466,41,21,34,12,16,30
Tm4sf1,-0.68,0.010239469947125674,303,211,284,672,671,789
Prkag3,-0.66,0.010242312078969756,1530,825,1332,2044,3563,4371
Mir1b,1.18,0.010251616435549398,76,63,72,53,54,49
Rab7,0.63,0.01027287266856198,7205,4549,5977,4759,6365,8496
Itga6,-0.57,0.010284664818967547,229,162,233,425,505,646
Snrpf,0.62,0.010287842080725446,222,137,245,163,232,267
2510022D24Rik,-1.16,0.010337327474421119,46,65,64,162,254,275
Tmem167,-0.77,0.010406650590780098,254,121,259,553,582,607
A330074K22Rik,1.68,0.010406650590780098,51,52,31,19,26,28
H3c14,-2.67,0.01043000488594884,2,1,2,18,11,27
Fam174a,0.52,0.01043000488594884,911,526,919,773,907,1030
Ctnna3,1.15,0.010444839091063163,360,146,193,120,225,180
Armc1,-0.63,0.010451647108869786,327,158,272,501,718,723
Etl4,0.58,0.010451647108869786,1631,916,1719,1247,1809,1646
Selenoh,-0.98,0.010467650700388615,37,31,56,113,143,155
Carnmt1,-0.59,0.010467650700388615,1119,526,944,1627,2225,2633
Hoxb3os,1.99,0.010518619184973916,28,12,15,6,8,9
Zfp422,-0.69,0.010520070840025455,118,75,132,208,340,337
Vdac2,-0.57,0.010520070840025455,2917,1747,2415,4410,6322,7160
Nras,-0.57,0.010520070840025455,337,182,366,570,764,834
Dnajc28,0.73,0.010520070840025455,834,463,554,507,692,686
Myl10,2.6,0.010520070840025455,166,117,67,33,48,17
Ublcp1,-0.7,0.0105984422220296,170,136,219,422,433,579
9530027J09Rik,0.83,0.010603894359543262,116,92,150,86,105,152
A630072L19Rik,1.06,0.010603894359543262,112,71,112,44,109,89
Lrg1,0.86,0.010615761218129802,203,105,247,149,144,207
Dpcd,0.58,0.010618587689183667,256,175,274,212,266,319
Gm12992,0.65,0.010618587689183667,461,301,564,311,485,652
Cd82,-0.81,0.010630348852738298,87,46,82,165,244,218
Gnai2,0.62,0.010630348852738298,1067,746,1246,800,1025,1595
Gm24130,2.11,0.010631594426632992,29,14,14,4,10,8
Atxn7,0.57,0.01067788740310727,477,319,475,417,496,519
Gm38733,-0.56,0.010678267157871965,1613,917,1560,2515,3155,4537
Rps6kb1,0.55,0.010682349039800112,1120,613,1045,750,1220,1221
Pex13,-0.58,0.010724063884075269,306,172,319,545,707,709
Faf2,0.65,0.01072536843832595,268,174,338,190,298,351
Des,0.95,0.01072536843832595,34045,31749,57937,24632,39258,46647
Icam2,-1.16,0.010735684185076862,37,35,29,91,134,171
Gm41396,-2.12,0.010739233050644946,10,4,3,26,59,42
Gosr2,-0.48,0.010739233050644946,422,281,450,707,924,1091
Pip4k2b,0.52,0.010739233050644946,1102,614,1168,825,1217,1319
Foxo1,1.95,0.010788833577458756,756,980,1109,218,409,739
Ano1,-1.23,0.010807965945401465,23,22,29,93,81,119
Ctsw,-2.6,0.010815711108493749,1,1,3,9,21,24
Kbtbd7,-0.77,0.01081747201637057,98,94,124,230,331,374
Eed,0.61,0.01081747201637057,525,329,700,420,600,676
Zc3h7b,0.52,0.010857697966892068,577,329,592,470,570,701
Gm19417,1.18,0.010857697966892068,78,36,53,32,37,55
Arhgap15,-1.5,0.010858840538310703,15,6,16,53,64,55
Sult1a1,0.66,0.010858840538310703,607,474,701,427,627,916
Actn1,0.72,0.01092312718313582,224,149,198,160,173,257
Lrp3,-1.19,0.01097122344397031,38,22,72,114,185,203
Sec11c,-0.74,0.01099890645576549,179,86,161,352,398,409
Supt16,0.63,0.01099890645576549,539,299,415,327,461,597
Mir5122,-3.89,0.011001670839314177,0,0,2,24,13,18
Rab33b,-0.82,0.011001670839314177,86,51,104,213,212,277
Pcp4,2.12,0.011001670839314177,47,31,18,15,11,11
7530428D23Rik,-2.15,0.01102292847575898,2,7,6,32,44,38
Evc2,1.07,0.011030267825570702,295,199,162,150,189,197
Igflr1,-1.46,0.011032676535113334,11,10,24,47,69,96
Mef2d,0.56,0.011086707219524152,3013,2106,3691,2553,3222,4327
Zfp1,0.63,0.011086707219524152,317,221,298,234,355,332
Foxo6,-1.25,0.011102883980294038,63,25,50,136,129,290
Glipr2,-1.08,0.011102883980294038,34,20,38,102,93,128
Prdx6,-0.47,0.011102883980294038,644,392,667,1013,1378,1563
Dnaaf10,0.76,0.011102883980294038,256,155,213,194,198,217
Eya2,0.97,0.011102883980294038,73,52,104,54,63,78
Mir8101,-3.48,0.011122680725272506,5,0,0,12,43,46
Mturn,0.6,0.011122680725272506,289,177,294,223,261,363
Mir7578,1.67,0.011122680725272506,40,16,39,8,14,28
Fez1,1.25,0.011133647198301922,127,107,89,66,99,68
Gm33578,-0.88,0.011134082877876508,77,82,98,224,281,308
Mmp14,-0.74,0.011140822442088827,159,87,187,356,404,415
Arhgap18,-0.97,0.011173176217480941,82,45,114,249,244,269
Bad,-0.73,0.011173176217480941,115,55,113,201,264,314
Commd2,-0.95,0.011205741925824042,82,63,64,204,198,286
Caprin2,-0.88,0.011205741925824042,51,31,48,110,127,165
Cbfb,1.25,0.011205741925824042,3938,2023,7031,2324,3264,3157
Heatr3,-0.5,0.011227030450364325,597,378,676,943,1376,1614
Gm12693,0.68,0.011242272671640343,1015,481,1151,695,1007,1001
Gpr153,-1.07,0.011245448233136697,55,30,70,127,148,276
Gm15612,-0.85,0.011245448233136697,120,48,118,232,289,316
Katnal1,0.88,0.011245448233136697,159,76,122,96,108,115
C330020E22Rik,1.48,0.011245448233136697,68,20,54,25,31,26
Ndufaf6,0.62,0.011258389903167732,445,304,366,329,400,511
Psme3ip1,0.67,0.011258389903167732,542,269,550,373,416,635
Mapk14,-0.54,0.01127460331816107,1024,529,1000,1563,2259,2327
Wnk4,2.17,0.011294227053977462,23,8,29,3,6,13
Ppp1r35,-1.07,0.011304721570248588,29,25,37,72,130,125
C530005A16Rik,-0.77,0.01131132562220891,69,41,73,130,179,217
Ccdc82,0.62,0.01131132562220891,259,167,239,173,274,293
Mex3c,-0.72,0.011408273761637477,117,108,155,276,357,446
Uba5,0.58,0.011408273761637477,498,325,443,414,471,538
Gmfg-ps,1.28,0.011408273761637477,58,31,49,32,33,28
Tns1,0.56,0.011409814232262465,3881,2161,4162,3114,4016,4323
Prpf4b,0.7,0.011415383098767263,1815,1368,1510,1118,1952,1985
Ctdnep1,0.5,0.01143411719351919,1369,993,1645,1225,1616,1948
Topors,0.52,0.01143411719351919,609,409,564,512,624,729
Alkbh6,-0.81,0.011435424181893535,96,63,74,168,268,264
Slc35f6,-0.67,0.011435424181893535,136,90,124,234,302,419
Nin,0.75,0.011435424181893535,662,465,916,416,698,977
Tceal9,0.57,0.011458125719901036,665,385,524,481,617,684
Cdk5rap3,0.63,0.011478280931342464,388,333,529,359,451,569
Eif4b,0.66,0.011503093490336814,3608,2800,5173,3050,4668,4662
Akr1b3,-0.6,0.0115245726958705,279,155,331,475,682,764
Ccdc57,0.98,0.0115245726958705,89,76,143,62,105,97
Tmem129,-0.91,0.01159527408964337,65,32,76,137,163,244
Mib1,-0.68,0.011605126858308355,1030,578,1003,1717,2959,2268
Pgam1,-1.31,0.011609852873239939,20,9,15,49,56,79
Rcl1,-0.76,0.011609852873239939,92,53,78,178,224,230
Metrn,-0.84,0.011614223600269133,121,56,132,253,259,402
Nhlrc2,-0.66,0.01164058087292714,130,96,122,247,312,384
Slc25a16,-0.59,0.011677839788017636,264,160,257,483,632,591
Gm46139,1.26,0.011677839788017636,42,32,73,23,37,43
Yif1b,-1.08,0.011742576678168406,141,64,73,286,272,428
Cntfr,1.8,0.011742576678168406,620,335,435,112,172,429
Ak4,1.68,0.01175910069362359,147,41,55,28,49,48
Cirbil,1.44,0.011769935261261145,602,334,284,252,250,248
Pitpnm1,-1.29,0.011821892814765278,26,9,30,71,77,115
Fech,0.56,0.011821892814765278,2402,1753,2491,2023,2892,2729
Foxj2,0.68,0.011821892814765278,483,432,656,390,559,759
Nutf2,-0.65,0.01184879802074448,182,129,244,348,562,560
E130310I04Rik,1.06,0.01184879802074448,53,47,60,33,46,52
Gpaa1,-0.79,0.011853408670454651,94,68,132,186,306,376
Polr3b,0.62,0.011857527701966613,252,181,252,181,290,289
Ptcd1,-0.63,0.011863946060002453,229,200,287,517,607,774
Tbc1d10a,-1.13,0.011911840202573697,25,21,47,92,119,129
Gng10,-0.91,0.011957093775442247,78,37,100,186,204,273
Vhl,-0.91,0.011960892000166971,63,30,63,139,177,165
Gm53516,-0.75,0.011960892000166971,428,198,321,780,743,1096
Add3,-0.51,0.011960892000166971,429,283,469,769,1019,1023
4833420G17Rik,-0.74,0.01197554947478226,150,86,119,219,395,400
S100a11,0.95,0.011985112605246597,823,387,542,444,383,688
Snx22,-0.65,0.012024293015030931,347,166,349,632,682,893
Amigo3,-1.38,0.012092971519197368,14,11,13,41,50,79
Rn7sk,-2.84,0.012142530864181105,7,27,28,175,166,465
Senp6,0.55,0.01214834782392923,1238,708,1019,860,1288,1266
Nrgn,1.52,0.012161084820822302,28,15,26,12,11,17
Serhl,-0.64,0.012181020541654401,221,118,174,335,503,504
Rnft2,-1.79,0.012223866300333607,10,5,11,27,75,52
Gm14438,2.36,0.012223866300333607,11,22,34,4,11,7
Prdx3,-0.53,0.01223197566253097,1523,885,1406,2639,3157,3355
Creb3l4,-1.57,0.012254843345599288,19,4,16,59,65,65
Rtkn2,-2.17,0.012310568483739117,3,12,6,45,43,78
Chfr,-0.66,0.012310568483739117,189,97,206,358,452,463
Rbm39,0.54,0.012310568483739117,3668,2277,3087,2700,3650,4204
Clca3a1,2.16,0.012310568483739117,25,15,25,10,2,12
Pygo2,-1.01,0.012339546572185589,52,28,83,135,190,217
Kcnh7,-1.86,0.012356223902750742,6,2,11,35,35,45
Cdk2ap2,-0.9,0.012356223902750742,69,36,93,175,191,241
Dtymk,-0.74,0.012399086023577297,95,62,99,182,288,250
Cct4,-0.49,0.012400315884482822,972,680,1165,1722,2326,2616
Sugp1,0.71,0.012418585650887501,301,288,364,241,376,400
Klhl41,0.75,0.012423215620810972,11483,9103,9426,7678,11365,12084
Mamld1,1.02,0.012423215620810972,54,45,71,35,49,59
Gm46845,-1.05,0.012427544718239793,28,18,27,71,89,93
Ccdc124,0.83,0.012454555640068398,2040,927,2641,1261,1949,1920
Gm12426,-2.19,0.012466533693027183,5,4,5,15,38,60
Kctd5,-0.86,0.012501500624399515,99,42,85,147,258,286
Trim59,-2.48,0.012520284356860827,3,1,3,12,34,22
Cxxc1,0.64,0.012542840844610702,350,318,453,316,438,486
Cacna1s,0.6,0.012550607488388064,8132,5693,10005,6289,9109,11404
Ndufb6,0.52,0.012568569216162269,2088,1366,1913,1772,2029,2492
Rpl22l1,-0.69,0.012594476281304915,163,132,223,419,450,528
1700001O22Rik,-1.93,0.01263433189725698,75,12,38,186,352,232
Stub1,0.53,0.01263433189725698,1095,870,1335,1057,1318,1487
Nol3,0.73,0.012636815197361416,936,802,1561,795,1159,1440
Cyb5a,0.5,0.012655104283276451,635,386,597,486,625,831
Unc93b1,-0.91,0.012665134675421878,61,41,55,101,189,221
Man2a2,0.52,0.012665134675421878,2529,1647,3031,2143,2823,3509
Sik3,0.62,0.012665134675421878,454,392,605,380,573,680
Gm6710,1.47,0.012665134675421878,24,19,34,10,15,22
Abhd13,-0.63,0.012676493534647814,204,116,188,365,389,558
Acsl4,-0.67,0.012680068372406766,513,212,461,780,1112,1195
Kpna1,-0.54,0.012680068372406766,2303,1352,1911,3356,4758,5629
Rcbtb1,-0.64,0.012687393629247862,138,85,163,238,378,398
Actr1b,0.62,0.012687393629247862,1488,1004,2149,1318,1756,1921
Ube2g2,0.66,0.012687393629247862,1258,750,1767,1048,1258,1624
Foxo3,0.8,0.012687393629247862,457,473,669,385,482,738
2210016L21Rik,0.61,0.012705124467651178,346,279,387,257,403,490
Hepacam2,-6.67,0.012713048164960605,0,0,0,10,11,27
Lgals4,-1.6,0.012713048164960605,11,16,12,39,73,97
Wdr18,-0.59,0.012713048164960605,220,173,265,401,568,738
St3gal1,0.67,0.012713048164960605,327,208,375,207,397,365
Leo1,0.61,0.012730898840860198,646,412,563,482,700,605
Zfp938,0.69,0.012730898840860198,254,154,331,213,269,270
Pin1,-0.55,0.012752125035367289,326,233,364,619,851,802
Lyrm1,0.92,0.012774964149286519,299,152,187,148,234,181
Zfp654,-0.74,0.012798037993024881,325,146,278,532,834,677
Smn1,0.63,0.012799644959221236,167,114,187,129,173,208
Adat1,1.27,0.012801162721802062,76,102,100,40,82,85
Ccdc175,-1.44,0.01280150289971336,15,9,10,46,57,52
Ank3,0.69,0.012857008846819564,2282,1964,2391,1671,2244,3351
Tmem64,-0.51,0.01286522509070162,1371,886,1260,2151,3152,3161
Srgn,0.67,0.012903994724243287,571,310,516,428,397,631
Dnttip1,0.64,0.012963750953661004,311,274,343,259,351,425
Gm53840,-0.59,0.012974917261528204,339,208,267,531,775,777
Mettl14,0.57,0.012974917261528204,466,287,373,332,448,510
Lonrf3,1.26,0.012989724084500736,86,70,101,34,47,108
Cnot4,0.61,0.013001798810199614,713,550,710,482,802,979
Gm53331,-1.64,0.013021006224420092,31,5,14,59,102,98
Ctdsp2,-0.55,0.013021006224420092,705,460,793,1418,1581,1719
Tpcn2,-1.8,0.013090107919732117,7,5,6,19,45,45
Rars2,0.51,0.013092460045830158,342,230,364,276,380,459
Col5a1,-1,0.013141782166821605,370,130,261,564,748,1241
Col4a1,-0.6,0.013141782166821605,1599,763,1428,2418,2962,4216
Usp14,-0.52,0.013141782166821605,688,403,795,1113,1668,1723
Togaram1,-0.84,0.013191400763522572,176,91,107,311,417,393
Arhgef15,0.65,0.013213221191472403,199,124,209,159,173,237
Spg7,0.56,0.013228387102490503,1383,935,1139,997,1456,1583
Palm,0.77,0.013228387102490503,179,109,136,96,150,181
Ankrd26,0.82,0.013228387102490503,141,104,167,98,166,129
Acyp2,0.49,0.013233286107836108,3060,1975,3316,2454,3357,4241
BB123696,1.84,0.013233286107836108,32,25,30,3,17,22
Casc3,0.65,0.01324679491356959,371,308,486,330,374,564
Chd3,0.83,0.01324679491356959,352,155,237,171,209,326
Zfp60,0.62,0.013250700701075948,212,158,244,171,255,251
Mier1,0.54,0.013256880739546586,509,327,507,456,499,587
Slc23a2,-0.63,0.013370051472066645,138,88,121,228,305,383
1700113A16Rik,-0.84,0.013376901697529009,113,110,192,306,397,572
1700025G04Rik,0.53,0.013401444416617345,2046,1099,1953,1664,1892,2274
Gm51551,1.37,0.013402338067733893,49,56,63,29,51,31
Gm39876,-0.76,0.013404650041617621,92,78,139,217,335,337
Nfe2l1,0.58,0.013404650041617621,8481,4804,6982,5904,8238,8597
Zfand6,-0.51,0.013426567601942618,1177,668,1100,2005,2299,2649
Ssrp1,0.52,0.013426567601942618,735,438,763,510,794,991
Xrn2,0.55,0.013429875905123565,433,318,449,334,459,620
Etfa,0.77,0.013429875905123565,5190,3266,3306,3251,3912,4628
Snx32,-0.88,0.01345523272185854,64,39,64,103,192,234
Srebf2,-0.72,0.01345523272185854,85,64,117,192,263,282
Atp5e,-0.54,0.01345523272185854,1854,1338,1801,3384,4382,4516
Rad23a,0.57,0.01345523272185854,1403,1014,1913,1287,1777,1813
Sf3b5,-0.66,0.013457749962624556,146,121,199,320,461,462
Sacs,-0.57,0.013457749962624556,1122,695,894,1858,2126,2876
Huwe1,0.62,0.013504830774068596,2458,1341,1795,1504,2336,2330
Xirp1,1.43,0.01350923481009263,2280,2824,1993,1207,1520,2099
Smim14,-0.53,0.013538512219457158,356,277,377,677,873,938
Nde1,0.49,0.013548108930034001,483,325,546,408,549,680
Eln,0.58,0.013548108930034001,327,233,414,263,363,481
Med4,0.62,0.01355664344676794,485,371,714,450,558,710
Stim2,0.62,0.01355664344676794,839,577,1045,571,923,1255
Cd164,-0.53,0.013559237252709038,2067,1066,2004,3120,4457,4726
Mrps28,0.54,0.013559237252709038,742,525,648,582,802,873
Ints9,0.59,0.01358409397851128,214,134,243,171,219,268
Usp8,0.59,0.01358409397851128,726,442,572,460,751,772
A730081D07Rik,-1.19,0.013623964135844425,20,17,24,57,99,80
Ifi204,0.97,0.013658057552027076,354,124,268,138,264,224
Zfp985,2.07,0.013658057552027076,60,20,24,13,6,22
Osbpl2,0.63,0.01365825843084355,473,291,384,298,505,459
Gm52732,-2.43,0.013660931182918567,5,2,3,28,16,49
Kazald1,0.83,0.013660931182918567,148,155,183,117,169,191
Klhl38,1.67,0.013660931182918567,1677,1610,1177,654,1117,703
Hspd1,0.68,0.01366823982600799,4173,2557,2866,2541,3645,4140
Gm52698,0.76,0.013679537955916856,126,98,126,92,112,151
Pex7,-0.77,0.013688720578548334,269,105,201,453,502,642
H1f3,-1.69,0.013712169804013916,10,3,8,24,47,44
Poll,-0.69,0.01371248453303752,110,56,109,197,249,287
Nop53,0.69,0.01372143154227478,1128,1058,1721,976,1427,1800
Cndp2,0.58,0.01372879452164967,300,219,389,251,379,393
Cep162,0.72,0.013736503865037775,167,104,137,104,158,157
G6pc3,0.65,0.013752775886050766,299,228,443,277,363,390
Ankhd1,0.75,0.013752775886050766,1035,635,768,492,991,1054
Plpp3,-0.49,0.013753634128401984,1100,690,1321,1874,2538,2910
Wsb2,-0.55,0.013780974691559245,583,365,640,1113,1397,1320
Lamb2,0.7,0.013797906179578765,1561,1203,2265,1147,1699,2484
Mbd2,0.44,0.013812776959035777,1346,821,1323,1113,1484,1717
Ddx3x,0.63,0.013812776959035777,6983,3650,7761,5533,6723,7014
Kctd15,-0.61,0.013831803973665634,466,292,654,909,1254,1404
Agfg1,-0.55,0.013831803973665634,388,228,342,561,769,1066
Fgf11,1.08,0.01384255897967163,130,50,97,41,87,92
Cd55os,-1.27,0.013867004268537689,22,25,57,115,158,146
Epb41l5,-1.34,0.013893742885581373,32,14,15,70,102,86
Mgst3,-0.73,0.013893742885581373,1529,1242,1385,3678,3887,4095
Tamalin,1.08,0.013895511146237457,185,123,218,137,86,191
Gm26679,-1.12,0.013903764084530895,54,23,32,125,126,138
Spring1,-0.8,0.013903764084530895,66,35,61,132,160,176
Bckdha,-0.74,0.013903764084530895,676,570,538,1276,1851,2113
Ssna1,-0.65,0.013903764084530895,115,81,124,235,261,353
Brox,-0.62,0.013903764084530895,219,170,234,412,640,574
Ptcd2,-0.73,0.013912922140381402,258,114,175,389,565,554
Lhfpl4,1.42,0.013914958546242043,36,23,38,17,13,31
Naa40,-0.87,0.01395318172275034,94,45,110,175,315,264
Pigb,0.61,0.01395318172275034,734,483,557,495,737,757
Prdm2,0.53,0.013989942745462194,718,438,842,532,869,925
E130201H02Rik,1.58,0.014024706970777994,47,33,97,24,48,25
Fcgrt,-0.55,0.014072179051737207,524,253,496,750,1095,1248
Col4a5,-1.38,0.014083712268356294,50,13,23,111,108,147
Tmem86a,-1.02,0.014084653362374099,52,39,36,127,132,181
Yeats2,0.74,0.014084653362374099,314,237,470,239,315,488
Nupr1,0.97,0.014084653362374099,771,374,392,370,427,523
Hbb-bt,1.35,0.014099376457352906,124,39,89,60,45,52
Wnk2,0.85,0.014163132501860794,1378,777,2168,887,1487,1595
Rhot1,-0.48,0.014165948590338678,549,310,514,778,1111,1333
Dennd1a,0.71,0.014165948590338678,353,239,386,216,443,359
Adcy4,1.11,0.014193551838016351,107,128,170,61,137,134
Tmem71,-1.41,0.014196805016619744,16,8,12,31,64,69
Syt12,1.37,0.014241975388093835,55,34,40,16,23,47
1600014C10Rik,-0.68,0.014247597947139971,227,121,165,353,537,493
Rnpep,-0.74,0.014259408043213167,116,60,116,220,312,270
L1cam,1.33,0.014259408043213167,50,36,40,18,23,46
Fastkd5,-0.71,0.014260462317691009,78,59,89,150,235,248
5830448L01Rik,1.14,0.014260462317691009,54,41,82,27,58,51
Ank1,0.8,0.014315899631328084,9530,4866,13032,5786,9616,10567
Aasdhppt,-0.58,0.014397196651992572,380,203,312,648,702,871
Abhd14a,-0.76,0.01439949924773074,62,43,70,118,172,217
Gm9947,-1.7,0.01443445939731865,5,5,12,37,43,40
Srp54c,0.65,0.014463883205951903,187,108,176,137,182,179
Cat,0.64,0.014510875948670302,2705,1931,2340,1667,2987,3190
Tmem8b,0.9,0.014550341944795049,394,215,217,182,292,283
Cep164,1.07,0.014550341944795049,86,35,98,46,51,74
Plet1,1.17,0.014550341944795049,163,78,84,70,62,111
Rassf2,-0.9,0.014553263402062347,99,34,89,174,235,270
Gm46406,-1.55,0.0145578514110356,27,13,9,77,75,87
Ppp2r3c,0.58,0.0145578514110356,502,251,465,346,515,482
Gm26908,0.69,0.014564176204245003,311,302,367,264,342,453
Trappc6b,0.49,0.014586354651231613,659,379,650,499,756,764
Engase,-1.12,0.014592788647515191,36,14,37,68,102,149
Lrrc17,-0.92,0.014610441397795975,43,30,39,101,107,151
Ppm1j,-0.71,0.014651529564883267,233,131,329,518,592,746
Nop10,-0.49,0.014651529564883267,566,309,535,885,1058,1358
Crhr2,-0.56,0.014651544044464324,224,151,219,413,456,608
Gm15816,0.77,0.014654993695574523,4573,2520,6643,3005,4968,5336
Ubald1,0.48,0.014701406763524424,639,450,692,511,747,925
Kbtbd13,-1.02,0.014728796680102803,132,64,70,289,291,310
Tpgs1,-0.59,0.014745174283303809,170,120,210,294,445,547
Kcnab1,0.94,0.014745174283303809,134,70,179,104,97,122
Adi1,-0.51,0.01478461956288123,608,428,650,1122,1476,1424
Rpap3,0.58,0.014819115856683121,262,197,285,202,320,332
Uggt2,0.65,0.014819115856683121,357,207,258,242,295,349
TrnE,1.34,0.014819115856683121,267778,143837,113104,107079,125472,115522
Rnf123,0.58,0.014822235564364286,1067,816,1500,973,1225,1645
Coro1a,-1.2,0.01483864377288014,42,11,32,80,104,140
Ttll3,-0.95,0.01483864377288014,87,43,132,239,291,287
Pcsk6,-0.6,0.01483864377288014,242,154,195,403,482,638
Rab15,1.49,0.014866665415645056,66,52,65,16,28,71
Atox1,-0.84,0.014872380155969681,73,49,89,174,252,198
Dhrs1,-0.68,0.014872380155969681,240,116,167,331,501,588
Hsf1,0.53,0.014872380155969681,407,246,471,349,414,533
Umps,-0.73,0.014872625315329693,104,58,92,183,276,243
Kank4,1.31,0.01488740756063304,36,31,37,22,18,31
Csgalnact2,-0.53,0.014908644836394713,581,327,604,992,1334,1262
Canx,0.55,0.014908644836394713,2402,1213,1876,1654,2113,2490
Ten1,0.63,0.014908644836394713,190,128,239,160,194,250
Tbc1d9b,0.48,0.01492191094652919,502,305,478,398,511,651
Gm48350,-1.32,0.014948754682926857,16,22,21,59,78,122
Rbm18,-0.52,0.01496306287288311,375,294,440,653,987,1078
Amhr2,-1.58,0.0150653486214767,35,7,15,90,78,110
AI597479,-0.51,0.0150653486214767,245,159,237,378,568,607
Ubr7,-0.65,0.015065819279554905,187,101,239,337,485,553
Tmem60,-0.69,0.015077051257010718,205,104,162,315,510,440
Gm52600,-0.55,0.015077051257010718,175,107,185,290,416,438
Cd24a,0.81,0.015077051257010718,7808,3372,5792,4842,5771,4993
Snrpg,0.92,0.015077051257010718,90,47,104,52,85,73
Tcf7l1,1.18,0.015077051257010718,145,85,291,94,116,166
Gm10030,1.68,0.015107266218978187,20,25,30,8,19,13
H3c7,-2.38,0.01512437474869528,3,1,2,19,13,22
Rpl36al,0.53,0.01513888344967129,1312,809,1610,1128,1587,1555
Aggf1,0.53,0.015148220417537925,466,318,607,395,556,668
0610039K10Rik,-0.89,0.015155748364554201,95,41,121,176,286,328
Rad23b,0.54,0.015179109384083933,2666,1453,3087,2041,2815,3348
Ahcy,-1.08,0.015192150127283298,55,38,103,160,296,229
Mustn1,0.73,0.015192150127283298,1024,1070,1580,1040,1360,1401
Adamts10,-0.89,0.015223762443332138,63,27,54,101,153,195
Cyb5b,-0.63,0.015223762443332138,1093,458,843,1567,2122,2415
Crat,0.57,0.015224451474652156,3784,2920,3551,3207,4009,4655
Atp1a2,0.75,0.015277976080982051,22734,14714,16132,13639,17747,23880
Ark2n,-0.47,0.015328331039330623,550,311,488,790,1129,1228
Ufl1,0.49,0.015328331039330623,1221,689,1086,895,1345,1346
Slc9a6,-0.48,0.01534547071612492,358,225,372,588,712,949
Car4,1.66,0.01538043251971844,65,52,133,52,23,53
Gsk3a,0.55,0.015389835043418076,971,792,1268,944,1271,1276
Gm53794,-1.65,0.015397080659869085,46,13,12,81,153,143
Rnf212b,-1.69,0.015404346749247,11,8,4,33,41,54
Mblac2,-1.44,0.015419093968534369,26,11,13,72,86,66
Tnfrsf19,-0.99,0.015441365006445797,102,78,76,251,217,412
Zfp956,-0.74,0.015441365006445797,89,73,108,165,281,337
Ubn1,0.56,0.015456091258708844,706,397,525,490,628,744
Mir877,1.14,0.0154800413263028,48,32,46,19,41,37
Ddit3,0.66,0.015503657615888454,368,301,333,258,369,484
Ccdc38,0.58,0.015505722070211173,193,127,215,154,209,242
Atad2b,0.53,0.015526619329364067,365,233,332,259,381,464
Tlcd3b,0.82,0.015535540406402405,452,392,600,426,349,615
Snord78,-0.98,0.01557517324722735,31,18,42,82,99,118
Zranb2,0.47,0.01560508505326512,1881,1028,1734,1469,1969,2124
Ppil4,0.54,0.01560508505326512,640,349,511,443,640,649
Tbpl1,-0.57,0.015635151225390956,224,157,289,394,569,735
Tjp2,0.9,0.015650615664379117,92,80,117,53,93,123
Pip4p2,-0.58,0.01565438459919883,271,179,234,437,674,627
Tfip11,0.63,0.015747040733714957,279,234,366,238,304,434
Uap1l1,-0.97,0.015797113486201105,28,19,28,67,83,99
Foxo6os,-1.41,0.015816725074013018,116,82,50,301,318,536
Tmem205,-1.21,0.015816725074013018,25,21,60,95,138,181
Tuba1b,-0.86,0.015816725074013018,140,97,246,427,434,575
Akirin1,-0.72,0.015816725074013018,329,159,422,690,860,871
Hdgfl2,0.7,0.015816725074013018,532,458,832,426,628,876
Gm51452,-1.71,0.01584797402751634,6,6,13,23,58,61
Matr3,0.48,0.015853341135835843,2336,1424,2086,1904,2466,2679
Mta1,0.64,0.015868422840306425,314,218,422,304,311,395
Stat5b,-0.52,0.01589214013970811,1936,1126,2258,3273,4147,5248
Rab8a,0.57,0.01590451277719026,302,228,337,226,372,410
Aldh1l1,-0.82,0.015905095466062762,62,32,72,131,151,205
Rnaseh2c,-0.72,0.01595866850511893,181,77,164,258,438,459
Sec61a1,-0.55,0.015995708885217213,190,124,204,324,403,555
Dbndd2,0.63,0.016002372473213282,328,238,298,242,289,436
LOC118567667,0.85,0.016031363495372146,112,79,99,59,90,130
Mybpc2,0.95,0.016086472257799897,84290,49469,122797,44243,84271,94623
Fbxl3,-0.66,0.016099943630889103,741,509,570,1475,1608,1758
Gm38560,0.79,0.01611886010209966,285,199,497,244,310,384
Gm30054,1.07,0.01611886010209966,94,43,55,37,54,63
Klhdc9,-0.84,0.016136063275552427,101,41,80,194,216,237
Gm36841,-1.01,0.016137214353941078,382,135,467,787,1168,1236
Btf3,0.5,0.016137214353941078,867,612,1116,758,1041,1302
Eef1a2,0.57,0.016137214353941078,20523,11978,20592,15533,20934,23228
Rpl7a,-0.82,0.016144632877771976,281,187,488,631,1015,1184
Zfp112,0.8,0.016151475439101292,126,98,162,80,123,180
Ccnyl1,-0.63,0.016184611143850215,142,79,153,244,368,348
Acvrl1,0.75,0.016184611143850215,188,162,201,129,175,269
Tmem11,0.44,0.01618704633449262,903,542,968,776,1042,1138
Atp6v1f,-0.53,0.016204427305580933,294,221,384,585,722,879
Mtmr9,-0.57,0.016321541529819242,151,103,142,263,338,397
Crip3,-2.12,0.01633058511850112,3,7,9,26,75,42
Gm20056,0.91,0.01633058511850112,93,45,112,61,76,81
Tmem219,-0.85,0.016379222166447133,60,29,72,128,153,199
Specc1l,0.53,0.016387835886056874,802,573,760,615,986,936
Ackr1,1.06,0.016387835886056874,48,47,64,35,49,46
Dgkg,1.45,0.016387835886056874,24,13,24,11,12,14
Gm46272,-1.67,0.01638806106456002,8,4,6,31,32,33
Trp53i11,-1.36,0.0164637543460897,44,19,29,146,86,153
Ankrd52,0.55,0.01649654099250069,739,529,629,570,713,946
Adamtsl2,-1.64,0.01654758452807462,28,5,10,48,80,98
Fbrs,0.55,0.016587998977401708,318,220,392,300,340,421
Arnt,0.49,0.016636092278279616,773,603,910,679,939,1176
Zfp74,0.65,0.01665233362886573,195,106,213,131,208,207
Brf1,0.55,0.01666493177497177,485,356,566,374,648,619
Ift20,0.69,0.016692663940806093,605,257,410,321,435,558
Pgp,-0.45,0.016724517768599644,542,311,502,817,1037,1251
Ola1,0.98,0.016733629309622522,1588,810,790,682,1026,1040
Klc3,-1.37,0.016756764637308037,38,12,19,56,128,118
Clock,-0.73,0.016756764637308037,349,179,305,637,951,679
Relch,-0.7,0.016760679196160512,96,66,88,164,223,314
Marcks,-1.14,0.01679858340416968,518,153,315,1027,1059,1407
Trim44,0.49,0.01680426845784251,603,379,545,468,690,674
Cep290,0.67,0.01680426845784251,271,129,228,186,232,227
Armcx2,-1.01,0.01680780479843377,33,16,44,78,101,134
Wdr12,0.47,0.01680780479843377,517,368,512,443,583,695
Myh4,1.21,0.01680780479843377,1179295,822078,1553814,468788,1009736,1177667
Polh,-0.61,0.016822552716540956,160,82,163,247,349,438
Prmt3,-0.66,0.01685649061030694,145,67,123,230,316,332
Lman2,-0.44,0.0168585454771125,650,396,633,930,1323,1622
Nagpa,0.8,0.01685969349526184,116,73,101,84,97,97
Syt7,1.67,0.0169592586599479,39,34,52,31,19,14
Fam20c,-0.76,0.016972206806489164,94,74,80,182,276,265
Lmo7,0.48,0.016972206806489164,1503,1021,1387,1178,1783,1809
Med13l,0.6,0.016972206806489164,356,263,416,339,330,475
Rapgef2,0.98,0.01697712528656895,266,308,324,198,226,394
Pdia3,0.59,0.017028847318481134,1688,800,1282,1022,1335,1845
Hsd3b7,-0.78,0.017074789454264248,61,50,76,122,209,220
Nptn,-0.5,0.017074789454264248,1428,741,1500,2170,2975,3470
Dync1i2,0.51,0.017074789454264248,1606,890,1268,1105,1518,1857
Ifit1,0.97,0.017074789454264248,116,79,77,72,76,87
Mrps25,0.44,0.01710105907111417,872,563,913,689,1051,1194
Anxa5,-0.61,0.017112516411742572,697,319,496,995,1250,1603
Ddx21,0.49,0.017112516411742572,1098,767,1218,863,1440,1438
Best3,1.07,0.017112516411742572,951,335,504,399,414,581
Kif20a,-1,0.017145142253580447,45,36,32,106,141,139
Pitpnm2,0.57,0.017145142253580447,306,261,382,287,380,428
Arl5a,-0.66,0.017149043289169677,393,179,429,741,892,915
Crispld2,-0.96,0.017177218919163604,260,117,367,629,653,1077
Gm53332,0.85,0.017177218919163604,109,95,177,105,117,131
Cdkn2d,-0.63,0.01722395971965072,121,82,109,208,305,307
Gm19582,1.98,0.01723743765431697,23,11,37,3,8,19
Siae,-0.88,0.017250239764267174,74,29,63,149,160,191
Twf2,-0.79,0.017250239764267174,933,770,691,2051,2516,2606
Mrc2,-0.71,0.017250239764267174,121,72,120,211,247,411
Plekho1,-0.71,0.017250239764267174,102,74,96,224,229,295
Gm17224,-0.71,0.017250239764267174,5880,3651,7047,9157,15476,22139
Cryzl1,-0.69,0.017250239764267174,131,76,102,195,327,325
Atrnl1,-0.66,0.017250239764267174,121,91,123,204,358,351
Pnpla7,0.82,0.017250239764267174,680,537,1066,417,888,928
Ier3,0.96,0.017250239764267174,171,132,140,75,125,206
Gm52562,-2.53,0.01728031748943492,2,0,4,18,20,22
Ino80b,0.62,0.017329343089696383,199,116,237,163,191,239
Gm38969,1.57,0.017329343089696383,95,46,38,18,50,35
Gm16364,1.07,0.017338847632484045,66,68,134,52,68,97
Ccdc91,0.69,0.017394837097991573,3069,1262,2354,1594,2694,2573
Mapk12,-0.52,0.017450743323066432,1006,808,1178,1826,2359,3231
Zfp970,0.75,0.017450743323066432,703,460,450,389,637,632
Leprot,-0.68,0.01746165752081271,201,82,179,321,403,491
Ccdc112,1.59,0.01746165752081271,44,12,61,15,20,28
Gm54023,-0.92,0.017491705704397637,85,28,77,144,198,252
Copb2,0.44,0.01750820908038114,1940,1172,1861,1504,2225,2452
Dtd1,0.66,0.01750820908038114,199,173,226,151,248,256
Irak3,0.88,0.017547661455040057,109,96,112,74,85,142
Gm16573,1.3,0.017564233674951444,44,27,35,20,32,20
Prps1l3,-0.55,0.01761758121807099,406,259,401,756,752,1102
Dnajb4,0.87,0.017655979911531536,3288,2036,1869,1624,2174,3070
Hint3,-0.5,0.017662679173538625,781,490,631,1188,1592,1787
Jcad,0.65,0.017662679173538625,712,501,588,538,549,886
Prpf40b,0.68,0.017662679173538625,266,211,294,172,278,394
Tenm3,0.68,0.017662679173538625,333,312,429,258,462,447
Ankrd17,0.77,0.017662679173538625,2017,923,1192,914,1533,1663
Letm2,0.8,0.017662679173538625,140,120,176,85,155,198
Unc50,0.53,0.01767275406217279,281,190,258,225,287,345
Smarcal1,-0.64,0.01767842650278678,211,143,212,301,585,641
Gprc5c,-0.92,0.017683961840526383,294,99,281,634,658,732
B3gnt9,-0.98,0.017718695597338022,93,31,54,151,203,224
Usp20,-0.91,0.017718695597338022,49,30,59,113,118,207
Ehd3,0.9,0.01771975889634065,93,70,150,62,94,129
Ppp1cc,-0.66,0.01774483079874456,163,154,231,399,524,546
Mcam,-0.82,0.017791811977862764,155,174,202,349,612,714
Rnls,-0.96,0.017833313030143204,48,25,31,81,114,151
Plxna2,0.78,0.017837018809720467,269,239,269,164,259,384
2410006H16Rik,0.97,0.017838691028605587,120,131,253,117,147,172
Plau,-0.73,0.01783929168831833,301,152,429,599,810,988
Ptgfr,0.97,0.017855503420266084,81,38,105,50,67,70
1110002E22Rik,-0.68,0.017898538343430647,1757,674,1541,2606,3562,4211
Gm53922,-0.58,0.017900615544136893,209,186,262,440,581,660
Cep20,-0.52,0.017953925487991074,603,396,633,1189,1226,1462
Ermard,-1.01,0.01796313319872092,35,22,48,70,124,169
Parvb,0.56,0.01797800059029245,745,494,573,523,721,872
Mettl21a,-0.7,0.018004067824981547,107,54,110,201,218,314
Ccdc69,-1.29,0.018029116707779524,23,11,42,94,83,127
Zfp408,0.99,0.018061578635121717,66,43,72,50,41,60
Abcb10,-0.64,0.01807442111715811,198,107,175,385,374,474
Bbs7,0.57,0.01807442111715811,273,160,286,179,288,354
Anapc4,0.44,0.018081565851067953,1005,570,912,790,1071,1219
Dmap1,-0.72,0.01809367110983511,107,94,147,210,353,430
Gpank1,0.67,0.01809367110983511,187,139,222,135,183,277
Kdm4a,0.91,0.01809367110983511,389,454,404,297,430,455
Zfp787,-0.52,0.01812022668744396,185,108,189,300,405,449
Actn3,1.06,0.01814146139112605,85649,80814,171588,55635,102969,119705
Manba,-1.04,0.018180157627525322,49,18,60,100,170,159
Sec23a,-0.45,0.018180157627525322,1175,705,1069,1750,2497,2546
Adam12,-2.49,0.01820046519275982,2,2,2,8,31,21
Rnaset2a,-1.08,0.018229590584015833,51,27,92,179,174,228
Luc7l2,0.55,0.01824113621421122,3958,2614,3716,2779,4801,4413
Derl2,-0.54,0.018254408215989483,189,112,209,331,438,458
Ly6a,-0.52,0.018254408215989483,639,350,500,990,1183,1391
Gm19605,0.99,0.018254408215989483,103,85,76,49,88,96
Lrch1,1.09,0.018254408215989483,73,104,139,65,92,101
Crtap,-0.78,0.018258463680287395,75,37,90,143,188,245
Tgfb1i1,0.93,0.018286706997977253,128,108,132,91,81,163
Tfdp1,-0.54,0.01832064644065609,313,245,401,595,898,865
Slc8b1,-0.84,0.018328060707315314,43,27,42,96,113,126
Ddx60,-2.14,0.018397430464111037,4,3,6,39,33,23
Gm46358,-1.2,0.018397430464111037,20,13,17,40,83,74
Emid1,-0.82,0.018397430464111037,92,37,69,134,207,245
Ap5s1,-0.66,0.018397430464111037,97,83,108,203,269,306
Smc4,0.63,0.018397430464111037,336,218,258,221,290,397
Gm36236,1.33,0.018397430464111037,60,26,59,26,45,23
Gm12696,0.6,0.018412930082486775,179,126,205,146,177,247
Fan1,0.61,0.018412930082486775,250,190,297,210,324,283
Hprt,-0.59,0.018466541807791653,222,154,222,398,609,511
Ranbp3,-0.48,0.018527181813584113,348,236,421,585,789,990
1700008J07Rik,0.88,0.018583236648231576,78,69,109,72,72,89
Tyrobp,1.04,0.018583236648231576,126,46,84,41,81,86
Gm30464,1.78,0.018583236648231576,17,15,17,5,12,7
Ckb,-1.07,0.01860651623924858,38,22,36,119,95,116
Mrps31,0.45,0.01860651623924858,691,461,662,545,778,951
Sdad1,0.48,0.01860651623924858,494,310,572,432,523,695
Kmt2a,0.51,0.01860651623924858,480,385,500,407,582,664
Wdr46,0.84,0.01860651623924858,165,123,296,124,196,228
Rps6kl1,1.65,0.018648776233588644,109,87,61,41,24,79
Pdxp,-1.22,0.01868984352925527,13,14,22,58,62,72
Gm5817,-0.93,0.018693466096631698,31,20,38,75,107,101
Gm26574,1.56,0.018697737462344818,37,20,21,15,17,12
Gm11613,0.96,0.018702696588564723,123,60,71,58,79,82
Uqcc3,0.48,0.018704467008565737,737,458,717,539,774,1038
Myo1c,0.56,0.01873062811399505,561,459,757,463,728,882
Rbm28,0.62,0.01874716242567666,624,450,591,382,758,752
Inhbb,1.24,0.01874716242567666,30,22,46,14,25,31
Gm54205,-2.42,0.0187509455963085,1,2,2,14,20,13
Casp3,-1.06,0.018753944786893493,27,13,27,66,67,100
Galnt11,-0.76,0.018753944786893493,111,71,80,189,298,269
Vma21,-0.5,0.018754789456786256,650,395,576,1110,1196,1517
Mfap3,-0.54,0.018784378915505773,182,98,165,271,380,437
Kcne4,-1,0.01881001022113423,25,22,32,79,91,95
Phf10,0.52,0.0188101596684737,884,571,887,651,1125,997
Mrpl21,0.45,0.01882337784569628,698,457,704,545,797,989
Ehd2,0.48,0.01883667536003429,1010,621,950,820,948,1368
Zfp652,0.84,0.01883667536003429,547,268,407,297,501,329
Mir7666,-2.69,0.018843332584043557,2,0,3,15,26,15
Tmx2,-0.74,0.018843332584043557,465,192,281,704,839,1050
Ppp1r9b,0.77,0.018843332584043557,620,309,831,473,478,734
Syncrip,0.49,0.018860514328945217,2055,1159,1804,1595,2213,2156
Atxn1,0.51,0.01887126783675065,668,501,737,531,762,1030
Ndufv1,-0.57,0.018891203701539575,2426,1747,2042,3780,5841,6348
Fam124a,1.08,0.018891203701539575,94,138,188,88,118,140
Baiap2l1,-2,0.01889133154597021,6,5,5,19,28,66
Gstp-ps,-0.6,0.018900652200246677,355,245,473,576,1010,1200
Flii,0.5,0.018900652200246677,1116,823,1294,869,1362,1709
Prelp,0.81,0.018900652200246677,1258,476,746,585,773,992
Slc30a5,-0.62,0.018953237604872282,144,111,130,253,365,401
H2bc21,-0.78,0.018954044622337112,90,40,65,151,184,222
Mus81,-0.58,0.018964352263415987,159,82,162,243,360,405
Kxd1,0.47,0.01898630605037762,730,400,769,580,753,958
Hip1,0.54,0.01898630605037762,359,237,396,254,396,520
Bin1,-0.56,0.01904224756481061,5966,3719,6604,8901,15283,16674
Thumpd3,0.57,0.019045575677786128,413,221,365,308,423,382
Hspb8,-0.92,0.019052927056179978,2569,1270,3960,5814,9554,8398
Ldaf1,0.68,0.019054926684171695,191,115,145,127,151,200
Ubxn2a,0.54,0.019101148202959842,4912,2779,4194,3431,5343,4929
Ptar1,-0.5,0.019136429195833315,264,154,233,417,523,598
Rpl17-ps10,-0.72,0.01916644028680266,385,236,625,904,1164,1286
Hars2,-0.54,0.01916644028680266,159,99,151,270,335,392
Pcdhga5,-0.52,0.019192511432030962,250,147,286,409,528,708
Gprasp1,0.62,0.019200362649275177,518,398,455,381,613,541
Scn2b,1.43,0.019257747244450937,30,37,31,19,18,26
Fgd4,-0.86,0.019262691319621085,335,154,203,542,879,660
Uros,0.46,0.019262691319621085,366,227,377,314,397,471
Spns1,-0.65,0.01934550582616934,170,90,138,246,330,486
Vamp1,-0.7,0.0193561126995939,217,96,218,321,454,673
Arl4d,-0.84,0.019379254769592985,71,42,67,128,152,273
Gm35655,0.9,0.019379254769592985,108,101,211,92,134,154
Capn2,0.44,0.019433867729599614,1083,640,1035,858,1104,1472
Dmp1,2.44,0.019440690700859464,23,4,45,8,5,8
Slc25a40,-0.96,0.019466814495736878,32,29,36,68,117,143
Slc25a30,-0.82,0.019466814495736878,64,49,67,107,212,235
Dazap2,-0.48,0.019466814495736878,731,593,824,1317,1792,2021
Banp,1.73,0.019466814495736878,152,134,275,34,91,176
Cyp20a1,-0.79,0.019501858781061508,65,58,61,149,188,212
Enpp4,-0.5,0.019501858781061508,951,481,754,1378,1776,2001
Timeless,0.86,0.019501858781061508,92,82,99,62,79,122
Gm31365,-2.19,0.019506909273160816,7,2,3,27,44,21
Arl13b,0.67,0.01951148776898039,116,86,127,94,121,136
B3galnt2,-0.59,0.019513017603125404,1100,562,1331,1881,2782,2716
Rmi2,-1.51,0.01954993850136469,19,9,6,39,60,66
Dera,-0.74,0.01954993850136469,62,41,58,105,168,187
Yif1a,-0.6,0.01954993850136469,147,88,149,290,329,344
Vps28,-0.48,0.01954993850136469,367,259,413,669,891,873
Msantd4,0.54,0.01954993850136469,1003,546,764,756,840,1055
Flnb,0.74,0.019574840328608113,292,261,264,218,255,388
AI987944,0.5,0.019587476766143006,443,248,430,337,503,480
Timm29,-0.46,0.01963341365993532,582,377,543,964,1094,1439
Orc4,-0.47,0.019641813533496612,338,236,386,614,720,897
Tomm6os,0.86,0.019641813533496612,280,257,444,206,260,476
Dcdc2b,-0.55,0.01965770680892304,186,147,220,380,482,503
Rab24,0.61,0.01965770680892304,604,498,832,565,626,978
Casr,1.74,0.01965770680892304,302,54,203,57,104,107
Egr2,-0.58,0.019687200975341154,273,188,230,496,536,721
Calcrl,-0.9,0.019687307769274548,138,75,218,402,366,533
Bcl2,-0.77,0.019687307769274548,84,55,99,169,287,220
Msl2,-0.45,0.019687307769274548,417,266,430,711,890,939
Heg1,0.84,0.019687307769274548,794,424,509,463,413,753
Ppif,0.68,0.01973850460795501,517,331,344,360,411,492
Bcl2l11,-0.95,0.01975475362710343,73,41,49,172,144,206
Rnf216,0.53,0.0197751404932608,253,185,267,228,286,312
Ttc17,0.67,0.0197751404932608,457,240,470,236,444,571
Rtel1,-0.89,0.01980246451238589,63,54,66,112,247,236
Trim16,-0.49,0.01980246451238589,625,312,557,850,1182,1487
2310033P09Rik,0.77,0.01980246451238589,93,60,126,66,95,113
Utp14b,1.09,0.01980246451238589,101,46,100,38,94,61
Pnmt,-1.94,0.019841246309843758,3,2,4,13,19,28
Nsun7,-0.69,0.019841246309843758,126,71,91,215,248,319
Coa3,-0.7,0.019853607657802027,399,176,282,709,718,834
Gm52679,1.92,0.019859008510323677,41,14,17,12,12,7
Crkl,-0.58,0.019863941663663405,269,211,340,557,605,920
Phka1,-0.81,0.019866757077225714,6786,3394,9086,11270,21548,23242
Ndufa6,0.5,0.019866757077225714,4097,3124,5006,3581,5249,5923
Fkbp3,0.5,0.019919454649349733,4076,3079,4217,3508,5016,5280
Nub1,0.53,0.019919454649349733,693,589,850,598,948,1008
Cul3,0.56,0.019919454649349733,5899,2815,5109,3996,5777,5640
Dmwd,-0.64,0.019941204864558866,211,147,290,374,691,643
Leng1,0.57,0.019941204864558866,245,197,311,213,277,377
Gm30470,-2.43,0.019963315770113302,5,2,4,31,51,17
Tmem41b,-0.65,0.019963315770113302,235,112,159,347,472,505
Prrc1,-0.57,0.019963315770113302,300,166,260,548,553,681
Snx21,-0.56,0.019963315770113302,153,87,164,239,368,392
Mybbp1a,0.52,0.019963315770113302,1225,926,1326,904,1575,1730
Gm24576,0.63,0.019963315770113302,206,116,169,134,167,236
Ppp1r10,0.73,0.019963315770113302,282,151,407,193,305,336
Kcnj12,0.83,0.019973090974810502,1205,678,1941,785,1219,1572
Gm16867,-2.23,0.02000531511553389,0,6,11,33,55,49
Cyp27a1,-0.65,0.020014701361840394,872,687,1366,1675,2861,3340
9130204K15Rik,-1.93,0.020057939305777477,5,1,4,18,23,24
Tmem177,-0.75,0.02009297790808767,127,62,82,179,274,323
Rai2,-0.58,0.02009297790808767,171,141,198,320,419,574
Ddx3y,0.49,0.02009297790808767,3283,1772,2640,2387,3125,3650
Adgrg1,1.15,0.02009297790808767,240,304,378,156,205,388
Psmd4,0.71,0.020113398411151232,2687,2302,4723,2492,3700,3825
Rps19bp1,0.66,0.02015271974911833,178,116,247,150,209,209
Cdc42ep2,-0.89,0.020227004881289624,102,72,65,230,223,301
Gpr180,-0.57,0.02022981269226281,230,141,276,468,554,555
Uck2,0.59,0.02022981269226281,245,207,270,225,262,337
Cracr2b,0.85,0.020232784141091174,91,92,142,81,94,134
Gskip,-0.63,0.020255966728621618,112,75,112,213,291,269
Smpd1,-0.45,0.02026936511098142,399,269,370,624,854,935
Rabif,-0.68,0.020269529978680124,106,55,120,207,262,267
Ap1s2,-0.46,0.020269529978680124,436,272,385,696,881,957
Lsm4,0.48,0.020269529978680124,721,397,825,583,807,918
Atp2a3,0.79,0.020282595803290136,91,70,111,66,80,124
Cavin1,0.53,0.020300405151914128,3089,2467,3653,2821,3411,4757
Otulin,0.83,0.020304766510706604,267,299,296,203,279,387
Nudt15,-0.98,0.02031605084490518,33,27,26,69,106,118
Lppos,0.72,0.020341982418422413,94,65,101,67,100,99
Evi2a,0.97,0.020341982418422413,121,45,85,64,69,76
2200002D01Rik,-1.08,0.02036436043238843,34,20,24,77,73,130
Parp14,0.67,0.02039693136953964,138,93,153,108,120,181
Pla2r1,-1.15,0.02041172169920947,27,10,39,78,97,101
Med22,-0.69,0.02041172169920947,83,61,98,142,243,288
Mir6902,1.71,0.02041172169920947,28,14,16,4,13,13
Mrps6,-0.68,0.020419353163477934,119,96,111,200,328,382
Gm52185,-0.85,0.02042566786396296,52,34,42,110,115,165
Ltc4s,-2.05,0.020450986293886076,6,4,3,37,26,27
Gm53953,-1.43,0.020486151810574515,19,6,14,62,47,63
Chrne,-0.67,0.020486151810574515,117,75,141,187,312,409
Slc49a4,-0.42,0.020486151810574515,761,440,750,1088,1545,1738
Uaca,0.69,0.020486151810574515,5796,4372,4228,3814,5411,6460
Fcgr2b,1.03,0.020486151810574515,200,77,95,76,103,126
Immp1l,-0.59,0.02049810125572089,251,164,345,504,581,820
Usf3,0.55,0.020546080820186805,1373,946,1097,955,1510,1568
Rpph1,-3.6,0.02056452416162906,0,8,3,59,31,152
Ergic2,0.44,0.02059226836217114,1388,818,1421,1169,1644,1653
Vsig10l,-1.47,0.020669842234100542,7,5,8,23,30,42
Cd63,0.56,0.020678653133007645,1753,1001,2238,1576,1904,2023
Pou2f2,2.75,0.02067868921898071,15,9,14,6,3,0
Pcdhgc5,-0.52,0.020692265196552404,244,146,286,400,525,698
Nenf,0.71,0.020692265196552404,600,523,1049,553,863,810
Gm46867,1.4,0.02069640668214326,26,15,23,14,13,13
Lin9,0.76,0.02072522426681243,106,88,162,100,114,137
Bud13,0.64,0.020757708636896587,147,83,171,110,152,164
Ret,-1.31,0.020759729715921844,76,31,88,204,161,447
Trir,-0.64,0.020759729715921844,318,288,492,655,1023,1285
Sugt1,0.52,0.020759729715921844,1973,1211,2319,1571,2537,2280
Net1,0.59,0.020759729715921844,1204,975,1187,876,1569,1455
Clint1,0.46,0.020791271332947243,909,480,875,750,934,1030
Wdr26,0.46,0.020803123944093664,2843,1566,2467,2140,2985,3253
Ap2m1,0.49,0.020803123944093664,375,256,438,296,474,524
Smim26,-0.73,0.020838364518281673,341,126,241,538,682,688
Mir6921,-2.69,0.020852591618798474,2,0,2,9,22,15
Slc37a4,-1.2,0.020852591618798474,871,346,1265,2139,2741,4423
Bves,-0.75,0.020852591618798474,418,380,764,1246,1369,1776
Atg4d,-0.46,0.020852591618798474,323,185,315,510,662,711
Evi2b,1.54,0.020862878262877364,52,13,27,13,18,21
LOC118567396,1.63,0.020862878262877364,32,13,21,13,7,15
Wdr6,-0.76,0.020910790514048577,56,48,75,145,161,205
Cdk5rap2,0.69,0.020933985145737456,225,127,173,116,214,229
Syt6,-0.73,0.02096975800798841,102,43,99,178,242,245
Fitm2,-0.47,0.020978884234899086,377,220,322,584,707,850
Steap4,-0.61,0.021012631339068246,396,202,490,675,863,1216
Mydgf,-0.64,0.021035266891050907,142,67,154,247,301,388
Serinc5,-0.91,0.02108604490418545,46,25,48,99,100,179
Tmco1,0.51,0.02108905280398356,689,514,759,586,715,1074
Proser3,1.09,0.02108905280398356,57,59,59,28,49,68
Ctso,-0.66,0.02115161096975807,107,55,101,190,257,241
Psma3,0.52,0.02115161096975807,814,525,1089,671,1018,1158
Igkc,6.49,0.02115161096975807,142,68,768,9,4,3
Serpinb8,1.3,0.021225399719591937,41,18,26,18,18,21
Pola2,-0.61,0.02125648379073212,122,78,136,188,321,365
Igfn1,2.42,0.021304698074179385,296,89,278,36,125,37
Cldn12,-0.52,0.021356355089344616,219,142,230,319,506,625
2610035D17Rik,-2.58,0.021358564423997636,1,15,10,65,139,66
Swap70,0.53,0.021358564423997636,223,142,239,172,264,270
4930544D05Rik,-1.26,0.021409850605761623,16,8,23,41,82,66
Fry,0.71,0.021409850605761623,763,564,740,461,633,1140
Mir7231,1.47,0.021409850605761623,24,14,27,9,19,11
Igfbp4,-0.79,0.021415872000925734,477,304,765,1374,1307,1617
Skap2,0.82,0.021461964485398364,159,67,130,101,115,112
Ift88,0.85,0.021461964485398364,142,84,120,89,80,157
Zbtb18,-0.48,0.021483316103949622,1308,821,1138,1930,2959,2836
Ddx39a,-0.68,0.021484672676253775,127,115,151,231,397,476
Edn1,1.13,0.021484672676253775,45,34,36,24,25,41
Borcs8,0.79,0.021485388488216704,169,189,228,134,202,263
Rps17,0.63,0.02148734451792886,1548,1016,2335,1218,2004,2080
Pcdhgb4,-0.5,0.021506283092364575,250,151,290,412,528,698
n-R5s185,-1.05,0.02160821700064493,35,29,31,96,84,158
Reps1,-0.64,0.02160821700064493,131,77,179,241,362,406
Nmrk1,0.81,0.021620289669752147,105,81,105,91,86,101
Tmem222,-0.75,0.021635871210916816,108,75,177,260,384,356
Cdc42se2,-0.67,0.021640525367058624,248,110,300,441,608,661
Gatd3a,0.59,0.02164843525508069,2579,1816,2019,1748,2811,2856
Gm6981,-1.32,0.021654429236423644,21,18,32,43,116,154
Tgds,-0.77,0.021711923793623647,71,32,58,121,164,170
Arl5b,-0.58,0.021723305343824002,299,138,228,413,605,633
Commd8,-0.46,0.021723305343824002,314,184,285,473,641,689
Akap13,0.44,0.021845145173801712,1095,742,1002,929,1195,1456
Cox4i2,-1.16,0.02189028152342438,17,20,22,46,83,102
Dok2,-1.27,0.021913242253307635,16,6,23,50,67,62
Gm10029,1.17,0.02194211285857439,37,18,43,20,20,32
Gm40618,-1.18,0.02196667027642302,21,25,27,62,82,147
E130218I03Rik,-0.85,0.02196667027642302,34,23,36,67,104,114
Ppp6r1,0.5,0.02196667027642302,772,570,795,592,867,1174
Tceanc,0.94,0.02196667027642302,94,74,113,76,57,114
Tnfsf12,0.64,0.021974134539001856,192,133,204,149,163,268
Myo1h,-0.97,0.022000942621408476,93,28,81,194,184,261
Rock2,0.53,0.022003421731419597,3134,1938,2567,2031,3422,3653
Mgp,0.63,0.022025606216938706,1500,882,1039,1132,1166,1387
Smtnl2,-1.06,0.02203313027582886,2089,1242,4188,6697,8520,10060
Tafazzin,-0.62,0.02203313027582886,300,296,383,599,948,1090
Adm,1.05,0.022042973280349123,77,69,168,55,89,113
Paqr7,-1.07,0.022086728990105914,41,25,33,72,99,193
Bfar,0.45,0.022086728990105914,928,628,836,799,1050,1111
Csde1,0.58,0.022086728990105914,18312,10708,16078,12648,19820,18392
Tacc3,-1.03,0.02210715962141226,33,15,34,59,121,102
Mir682,-0.79,0.022113256137441743,1118,541,1661,2267,3283,3794
5031439G07Rik,-0.46,0.022120020433850824,1335,862,1354,2100,3151,2936
Nipsnap3b,-1.52,0.02214935914284884,15,4,11,51,40,50
Chek2,-1.26,0.02214935914284884,14,8,13,44,39,58
Nt5c,0.93,0.02219392359235989,144,97,182,59,146,182
Snx12,0.58,0.02219782274129621,651,302,483,443,558,586
S100a16,-0.54,0.02221390039730812,266,164,351,485,619,781
Metap1,-0.49,0.022238625516026598,766,400,822,1084,1723,1861
Fkbp4,0.47,0.022238625516026598,2149,1488,2499,1725,2585,3273
Ggh,-0.77,0.02224102326385456,83,48,117,210,216,265
Gm37013,-0.51,0.02224102326385456,244,146,283,396,516,696
Gm38666,-0.51,0.02224102326385456,244,146,283,396,516,696
Gm38667,-0.51,0.02224102326385456,244,146,283,396,516,696
Anapc5,0.6,0.022266068877636033,6826,4312,9239,5219,8636,8599
Nsa2,0.46,0.022267050098702088,687,432,813,564,879,919
Kdm2a,0.47,0.022267050098702088,828,472,970,671,985,1070
Pcdhga9,-0.49,0.02228239961914552,250,155,284,399,528,701
Gins4,0.62,0.02228239961914552,326,154,258,198,248,361
Ewsr1,0.64,0.02228239961914552,1388,1207,1908,1006,1912,2136
Ptpn14,0.69,0.022298630528042936,254,186,428,231,303,362
Tomm5,-0.43,0.022384489800967196,502,335,474,770,986,1256
Usp13,0.44,0.02239418438976659,5029,3237,4870,4191,5687,6455
Ccdc141,1,0.022395642493233524,79,33,98,49,62,59
Timm8b,-0.55,0.022449246332198945,1147,733,1618,2064,2922,3604
Foxp1,0.73,0.022449246332198945,279,162,200,199,179,270
Cep83,0.64,0.022482273058377758,566,263,413,347,522,444
Scnn1a,-1.23,0.022515673288843834,15,7,23,47,52,78
Aspscr1,-0.55,0.022554880172816382,161,113,175,322,376,398
Gm40477,0.92,0.022572947860922375,58,47,52,36,50,56
Zfp346,-0.72,0.022580336169573705,124,95,104,234,365,308
Rps29,-1.86,0.022614143811169066,23,8,5,81,48,87
C230072F16Rik,1.79,0.022637211888723887,44,24,15,6,18,17
Vps13d,0.56,0.022669768007920754,876,670,813,600,1063,1145
Psmb4,-0.52,0.022671026595417525,1077,746,1489,2057,2916,2935
Gm39439,-0.65,0.022677275899800352,199,156,177,304,524,646
Mgme1,0.54,0.022700184362846734,240,144,203,182,230,268
Stx5a,-0.58,0.02270228471473161,164,116,231,310,431,552
Afg3l2,0.48,0.022718072448844304,1257,896,1109,1037,1297,1684
Zfhx2os,1.27,0.022725735654155442,29,17,23,12,19,17
Mir29c,-0.94,0.022738661764398274,44,34,30,84,131,145
Tmem183a,-0.52,0.02275720998402243,147,93,162,240,337,392
Enpep,-1.11,0.022771256056224435,87,29,52,199,147,242
Arhgef10,0.66,0.022841506581432847,159,88,175,130,153,156
Sox13,0.93,0.022841506581432847,160,95,207,99,95,217
Sec23b,-0.63,0.022861963988674454,96,72,119,168,272,324
Tspan3,-0.6,0.022878745105395847,967,563,640,1457,1807,2359
Cyrib,-0.44,0.022906587326881587,351,241,359,539,734,924
Anapc10,0.59,0.022906587326881587,195,135,199,159,228,203
Mir675,1.76,0.022906587326881587,2087,1187,732,464,700,932
Samd10,-1.44,0.02296212069823399,15,4,25,60,69,65
Zfp703,1.1,0.022972061723281447,398,495,523,338,290,540
Hspb1,-0.57,0.022994789573702535,495,399,635,1148,1103,1579
Gm54157,2.08,0.02300419902331662,17,24,13,3,11,8
Ulk1,0.46,0.0230837754037645,728,540,782,702,900,907
Atf7ip,0.51,0.0230837754037645,501,427,544,455,643,679
Hoxaas2,-1.63,0.023090747715747973,5,3,6,18,29,27
Maml2,0.72,0.023110899380237474,141,98,114,106,125,131
Tatdn1,-0.44,0.023133126394420202,864,475,778,1317,1582,1863
Dynlt3,0.48,0.023143010746966102,1583,851,1313,1207,1640,1606
Hook1,0.59,0.023143010746966102,755,466,719,562,910,673
Atp6v1c1,-0.44,0.02320659032521709,297,189,314,472,668,685
Gm41717,1.12,0.02321736230959428,44,45,43,28,30,47
E130308A19Rik,-0.67,0.023237448027028835,85,54,87,131,233,249
Mmp2,-0.53,0.023252817460288906,655,333,583,844,1262,1758
Gcc1,0.63,0.023252817460288906,166,142,229,165,200,219
Gm14322,0.99,0.023252817460288906,111,51,81,37,68,105
Wtap,-0.43,0.02329042017247596,327,197,319,497,671,736
Skic2,0.45,0.023324010657658895,356,229,389,291,426,491
Cebpz,0.44,0.02343044909775166,1348,801,1294,1003,1630,1664
Tm2d2,-0.48,0.023433511973039226,314,200,286,543,632,697
Sfpq,0.49,0.02345102695625543,2406,1780,2436,1819,2903,3467
Utrn,0.5,0.023497434400781593,769,440,654,641,666,887
Shox2,0.84,0.02349781979270383,86,57,116,75,68,96
Lpin3,-0.99,0.023498935747519562,32,12,29,60,80,103
Pcdhgc4,-0.5,0.023498935747519562,244,146,285,396,516,696
Iscu,-0.41,0.023498935747519562,746,535,831,1261,1671,1820
Gm33049,-2.4,0.023517040063737293,10,3,2,22,80,34
Antkmt,-0.55,0.023517040063737293,190,155,265,404,518,581
Gm31047,-1.46,0.023573761716356632,68,30,36,108,334,184
Esrp2,-0.74,0.023573761716356632,69,34,53,112,152,174
Tjp1,0.54,0.023573761716356632,584,384,565,555,529,661
Trim54,0.64,0.023573761716356632,7217,5157,10883,5598,9188,10488
Cep295,0.75,0.023573761716356632,408,206,227,216,297,336
Eif4h,-0.44,0.023602146135671055,913,674,1067,1660,1955,2475
Gm39503,0.48,0.023655565007009032,1456,1190,1725,1471,1821,2050
Cryab,0.73,0.023661962173585446,10694,8954,8838,6566,10270,13845
Get4,-0.58,0.023665992663243044,141,111,201,311,374,457
Ndrg1,0.74,0.02367947213379075,437,453,618,493,485,549
Gm51767,-1.27,0.023683316652264187,11,12,24,61,63,65
Slc6a2,-1.81,0.02371147450280635,7,2,5,25,34,23
Phf1,-0.78,0.02371147450280635,92,46,128,168,280,314
Pdcd11,0.56,0.023767703472226093,251,181,281,175,302,357
Mocs1,0.6,0.023767703472226093,205,169,208,164,215,288
Lipe,0.6,0.023767703472226093,228,176,300,226,280,268
Rnf167,-0.49,0.0237904449300965,319,190,385,517,768,801
Pcdhga4,-0.51,0.02381221818245578,247,147,290,398,525,714
Phf14,0.61,0.02381221818245578,814,425,559,528,760,682
Rprd2,0.45,0.02382071169395792,453,314,454,357,551,625
Med17,-0.55,0.023850410864803592,137,99,163,260,366,356
Zfp106,0.71,0.023882438073574704,18281,11599,12242,10613,17243,16642
Mir17hg,-0.99,0.023883008765024808,28,14,25,61,65,97
Gclc,-0.76,0.023883008765024808,182,151,226,291,684,692
Crk,-0.43,0.023896514623403177,871,491,825,1355,1669,1846
Hectd1,0.49,0.023896514623403177,3395,2331,3914,2593,4300,4886
Dkk2,1.14,0.023896514623403177,342,288,200,189,256,208
Trappc14,-1.13,0.02394359598249383,16,17,30,48,83,108
Tbc1d20,-0.47,0.02394359598249383,237,149,278,417,529,589
Gbp2,0.76,0.02394359598249383,173,166,177,151,153,226
Kcnmb3,-0.83,0.023972324210347225,129,62,94,282,279,260
Vamp2,0.46,0.023972324210347225,667,489,712,579,735,1025
Trim65,1.2,0.023972324210347225,115,49,199,52,86,123
Pcdhga1,-0.49,0.024022174870441435,258,149,292,411,529,711
Camkk2,-0.77,0.02403921734493043,53,29,45,98,115,151
Slc16a3,-0.59,0.02403921734493043,2911,1601,3805,4867,7228,8632
Rnf14,-0.42,0.02403921734493043,698,426,639,989,1467,1525
Tmod3,0.45,0.02403921734493043,727,414,637,580,689,922
Tmem161b,-0.59,0.024126361785292223,191,98,148,305,341,450
Zmpste24,-0.45,0.024141524426198727,581,322,494,829,1158,1199
Mir133a-1hg,0.57,0.024141524426198727,224,114,198,161,196,246
Cpeb3,-0.4,0.02414249563204102,662,452,687,1007,1424,1596
Anapc15,0.65,0.02414401001680818,222,114,157,134,194,199
Stx18,0.59,0.02414532138476345,252,171,271,162,269,365
Adamts4,-2.58,0.02416710444540328,0,4,2,15,21,28
Mir1903,-1.84,0.02416710444540328,5,4,2,17,25,26
Dennd6b,-0.72,0.02416710444540328,101,62,110,154,325,287
Pcdhgb7,-0.48,0.02416710444540328,253,153,294,411,531,703
Hoxb7,1.1,0.02416710444540328,65,44,46,41,31,50
Stum,2.31,0.024182267504083435,11,38,53,4,14,18
Eps8l2,1.53,0.024216539439513626,20,22,42,19,15,14
Vps4a,0.43,0.024243625973042384,1043,748,1175,886,1299,1595
1700023D09Rik,-0.88,0.024245766825365098,34,18,40,73,89,121
Lbx1,-0.51,0.024245766825365098,661,384,847,1222,1448,1764
Clasrp,0.72,0.024245766825365098,200,179,230,131,214,310
Dnaja4,0.82,0.024245766825365098,1466,1189,964,998,1205,1370
Gm34963,-1.9,0.024261688796224347,3,2,4,12,25,21
Pikfyve,-0.66,0.024261688796224347,126,64,91,190,276,278
Mrpl57,0.48,0.024261688796224347,568,312,645,432,627,767
Synpo2,0.61,0.024261688796224347,13315,7030,9660,8548,10144,14523
Dpy19l3,-1.04,0.024284368218193676,34,28,25,97,87,120
Naa35,-0.52,0.024284368218193676,206,124,190,324,479,445
Nkiras2,0.47,0.024290655950702338,489,315,419,378,492,638
Mir546,-0.86,0.024341458290398164,62,35,74,173,165,165
Limch1,0.51,0.024346979276475257,2477,1830,2196,1852,2706,3380
Gm42274,-1.32,0.02434762884718224,45,26,15,99,100,172
Pcolce,-0.79,0.02436035949762971,408,148,277,534,751,1125
Sqle,-1.48,0.024387065503177006,28,10,8,70,70,73
Cemip2,-0.56,0.02447695048427672,180,91,171,291,333,459
Kansl1,0.49,0.02447695048427672,367,265,451,344,402,557
Gm53782,-1.45,0.024478287458252763,9,10,15,43,71,42
Vkorc1l1,-0.54,0.02448672854797957,386,173,310,528,747,815
Bola3,0.45,0.02451415095478083,1548,935,1292,1221,1696,1730
Haus2,-0.82,0.024528106435583157,156,88,85,287,305,391
BC029722,-0.53,0.024528106435583157,209,130,228,404,472,475
Pcdhga2,-0.48,0.024528106435583157,254,153,290,407,525,706
Sucla2,0.6,0.024528106435583157,12918,6952,9312,8163,12229,12156
Fzd9,-0.76,0.024603541860467606,104,106,178,279,338,519
Psmg2,-0.57,0.024603541860467606,200,144,296,405,568,612
Gm46363,1.04,0.024672071114425383,47,21,45,26,28,37
Itgb1bp2,0.82,0.0247078302549271,5162,2882,2796,2443,3405,4809
Gm5148,0.91,0.0247078302549271,2619,2497,5557,2111,3323,4255
Dld,0.66,0.024787986204986484,9233,5447,5918,6137,7420,8563
Higd2a,0.42,0.02478814365931602,1060,623,1149,845,1228,1489
Caap1,-0.94,0.024796649838942468,28,16,38,75,83,102
Bbc3,-1.96,0.024846030004034497,3,2,5,18,15,34
Neurl3,-1.58,0.024846030004034497,10,3,7,21,30,52
Mir671,-1.38,0.024846030004034497,7,6,13,24,43,49
Impg1,-0.81,0.024846030004034497,45,25,36,82,107,123
Phf6,-0.63,0.024846030004034497,108,57,93,169,253,244
Pbdc1,0.72,0.024846030004034497,330,125,242,166,269,262
Polr2h,-0.86,0.025000763023014634,70,26,62,138,167,160
Pcdhgb2,-0.49,0.025000763023014634,260,155,299,414,540,727
Cecr2,-0.71,0.02501949574878061,148,68,130,274,354,292
Fsd2,0.64,0.025042702901246577,4597,2291,3338,2640,4592,3750
Uggt1,0.46,0.02506288283077561,762,491,670,545,846,1016
Gm32280,-1.36,0.0250663794134009,35,12,24,65,157,81
Adamts12,-1.19,0.0250663794134009,86,17,56,145,180,269
Gm7607,-1,0.0250663794134009,42,15,35,78,126,100
Lrrc14,-0.94,0.0250663794134009,61,18,52,105,149,159
Miga1,-0.63,0.0250663794134009,149,95,113,261,341,331
Chtf8,-0.54,0.0250663794134009,169,99,208,290,420,442
Derpc,-0.54,0.0250663794134009,169,99,208,290,420,442
Gusb,-0.49,0.0250663794134009,461,225,371,652,841,971
Spa17,0.75,0.0250663794134009,190,92,239,151,148,203
Ncoa5,0.61,0.025081191767319096,187,162,238,153,253,258
Pcdhgb1,-0.48,0.025098028695561277,252,152,284,398,518,699
Fam219a,0.85,0.02510018218505449,312,206,586,227,364,424
Taco1,0.58,0.02510387397930808,1146,578,752,759,930,1083
Poglut1,-0.72,0.025117802227715938,112,53,124,236,272,262
Nol8,0.65,0.025117802227715938,481,301,324,301,473,429
Ogdh,0.66,0.025182607270152712,10556,6748,7013,6930,8446,11084
Tmem200b,0.49,0.02519945348847143,283,208,348,250,332,433
Tgfb1,0.92,0.025201889122749253,115,58,96,73,55,108
Foxn2,-0.54,0.025219719158517402,199,111,200,370,399,452
Ablim3,0.51,0.025219719158517402,372,257,454,299,412,586
Ptpn12,0.52,0.025254436296640467,330,202,270,264,320,358
Tpd52l1,0.52,0.025260718324430956,419,345,418,384,497,534
Lrrc39,1.06,0.025260718324430956,3441,1739,1534,1408,2060,2017
Zfp518a,-0.7,0.025273757063977317,195,147,152,428,450,476
Gm54289,0.4,0.025273757063977317,957,622,1080,875,1112,1401
Man2b2,0.67,0.025273757063977317,123,62,109,79,102,127
Sdc2,-0.56,0.025274117772511668,395,177,310,579,667,913
Arid1b,0.45,0.025324229465987263,631,492,692,587,730,961
Ptprb,0.48,0.025324229465987263,1306,800,1230,923,1288,1889
Pqbp1,0.52,0.025324229465987263,421,268,392,274,457,574
4930579G18Rik,0.81,0.025334196893312306,84,73,137,64,100,123
Iars,0.46,0.025346919649093802,1529,1078,1400,1184,1872,1953
Dars2,-0.62,0.025369109167040684,118,95,109,231,276,342
Rrp1b,0.73,0.025440461261417815,112,78,139,68,118,155
Zmynd11,0.44,0.025445697207866772,1525,1079,1396,1272,1765,2033
Tbca,0.5,0.025451560012909095,505,256,492,403,447,611
Hmgb3,0.74,0.025451560012909095,109,76,90,74,87,122
Zfp11,-0.85,0.02548323996113952,51,23,39,81,133,127
Stoml2,0.41,0.02548323996113952,953,576,990,818,1176,1167
Sesn1,0.93,0.025499434358311087,485,625,582,376,560,675
Atp8a1,-0.49,0.025527671040362604,987,739,1393,1832,2596,2985
Vps25,0.44,0.025527671040362604,525,365,575,510,577,734
Ccl6,0.72,0.02553011230457784,390,156,306,193,259,414
Yipf5,-0.51,0.025583443460113105,191,145,208,353,409,558
Sccpdh,-0.45,0.025583443460113105,450,240,459,637,953,1020
Ggct,0.78,0.025583443460113105,340,174,184,179,251,259
Atp6v0e2,-0.44,0.025624757292834234,320,202,336,525,611,826
Prkaca,0.4,0.025624757292834234,1858,1140,2030,1667,2162,2533
Spaca6,1,0.02567214244014587,94,50,67,34,54,95
Agk,-0.86,0.02570081957580733,37,22,48,94,115,111
Ube2cbp,-1.62,0.025715682720299147,14,5,9,30,75,40
Cdk12,0.48,0.025757553419457534,343,195,292,254,364,381
Ncs1,-0.97,0.025760741760175503,38,17,24,60,91,111
Gm54119,0.99,0.025760741760175503,89,64,66,33,70,91
Vegfa,0.51,0.02580362946501295,3153,1961,2482,2484,3224,3292
Pisd-ps1,-1.94,0.025820603704803824,4,7,4,14,44,44
Gm54181,0.69,0.025820603704803824,1346,1139,2199,1042,2003,1934
Tmem127,0.45,0.025848277902833273,916,484,757,657,901,1106
Ostc,-0.77,0.025910978967196054,229,129,147,443,385,617
Ehd1,0.52,0.02592455951092272,346,302,432,312,447,543
Gm31982,-1.77,0.02594408383205637,17,3,8,40,79,39
Eno1,-1.21,0.02594408383205637,203,119,428,631,946,1277
Lin52,-0.91,0.02594408383205637,98,67,54,200,260,240
Gm30421,-0.5,0.025977937850545068,279,140,240,432,528,584
Vcp,-0.51,0.025984324207675737,2494,1823,3404,4409,6517,7692
Cdc37,0.44,0.026008127410736614,1687,1056,1712,1234,1975,2402
Armh4,0.91,0.026008127410736614,69,36,95,40,68,69
Tmem107,-1.76,0.026041160239748944,7,14,4,44,42,62
Pcdhga6,-0.49,0.026049174590449788,249,154,292,407,518,717
Atad3a,0.47,0.026057014266456725,399,320,451,346,523,582
Rpl13,0.63,0.026087124102138943,541,298,778,412,647,653
Chmp2b,0.41,0.0261139142077071,543,344,526,488,596,703
Nucb1,0.45,0.026145548109392205,507,369,590,472,565,785
Gzf1,0.59,0.026184310661683127,517,355,371,375,498,547
Hoxc11,-0.91,0.026202963541171853,28,21,48,78,103,125
Ddx50,0.4,0.026202963541171853,991,586,1036,863,1194,1231
Armc7,0.93,0.026202963541171853,76,51,113,40,91,82
Ccl11,-0.61,0.02623151082427251,388,203,466,735,739,1187
Clcn2,0.5,0.02623151082427251,690,338,565,441,703,747
Tspan8,1.15,0.026246947362131488,2128,1094,3926,1558,1684,1817
Dcxr,-1.32,0.02628458062676423,13,19,12,55,66,68
Stxbp5,-0.57,0.02628458062676423,109,79,129,201,253,345
Slc35a3,-0.64,0.026301170878016603,118,77,99,219,287,262
Cdk18,1.22,0.026301170878016603,53,38,125,37,63,52
Gm16279,-1.85,0.026337052547634063,5,1,4,14,20,28
5330439B14Rik,-0.71,0.026378713578066437,62,52,63,118,169,214
Pcdhga7,-0.48,0.026378713578066437,250,156,291,400,526,711
Gm33851,-1.93,0.02640238437654169,2,4,3,13,22,25
Zfp944,-0.56,0.02640238437654169,174,95,164,293,397,362
E2f6,-0.43,0.02640238437654169,1294,699,1152,1795,2579,2691
Fyco1,0.65,0.02640238437654169,6819,3990,4310,3931,6078,6586
Nrbp1,-0.39,0.02641073137575222,549,376,571,822,1191,1332
Eif2b3,0.42,0.026446121113174088,406,246,413,347,467,525
Mmrn2,0.72,0.026461524491188777,225,182,259,165,184,356
Tet1,-1.49,0.02646583841671842,19,9,7,31,53,87
Ppan,0.72,0.02646583841671842,128,104,215,120,148,187
Gm10390,1.06,0.026483108086127485,53,24,35,23,33,34
Cenpo,-0.74,0.026485250203515023,47,31,54,106,115,149
Znrd2,-0.57,0.026485250203515023,100,63,110,186,218,276
Zmiz2,0.47,0.026485250203515023,642,316,608,469,609,799
Riok1,0.57,0.026485250203515023,298,204,270,262,254,360
Tmie,1.42,0.026485250203515023,30,16,18,11,17,12
Gm46277,1.73,0.026485250203515023,14,16,15,7,5,11
Slc22a5,-0.91,0.026506822044732717,71,55,47,145,229,183
Gm13010,3.91,0.026506822044732717,131,6,158,9,6,15
Tmub2,-0.55,0.026531066648611736,132,105,170,243,350,425
Cnot3,0.86,0.026584131198130002,212,231,382,155,318,321
Slc25a32,0.48,0.026589997678914762,365,202,310,258,392,406
Oplah,-0.83,0.02659883236306068,224,170,132,416,579,635
Ado,-0.48,0.02659883236306068,332,225,304,564,622,852
Ppp6r2,0.47,0.02659883236306068,745,533,727,554,936,1021
Vps33b,0.92,0.02659883236306068,134,47,89,57,72,108
Caskin1,-1.46,0.026635487311200433,8,5,8,32,26,39
Rpusd1,-0.96,0.026635487311200433,28,18,27,50,101,92
Adgra3,-0.57,0.026635487311200433,114,94,145,223,326,343
Babam2,-0.54,0.026635487311200433,228,157,192,346,555,539
Fubp1,0.56,0.026635487311200433,696,621,763,546,848,1095
1110019D14Rik,0.78,0.026635487311200433,95,43,100,58,74,97
Ms4a6d,1.87,0.026635487311200433,69,10,32,10,24,15
Pcdhga12,-0.49,0.026681235827239115,249,149,290,398,518,708
Card6,0.86,0.026681235827239115,108,70,87,81,64,99
Dok5,-1.36,0.02678421952698284,21,11,8,56,54,62
F8a,-0.88,0.02682950456668351,52,30,90,125,177,224
Fbxo38,0.44,0.02684964106415283,472,257,473,362,511,614
Tsn,-0.44,0.02685993400748332,508,375,507,767,1177,1297
Pot1a,-0.69,0.02692896112835259,120,98,95,236,302,332
Polr3e,0.68,0.026961743297478257,182,174,292,156,244,298
Mylk4,0.71,0.026961743297478257,52768,29464,58730,30700,45736,70298
Mir6338,-2.18,0.027015762776709473,3,2,9,29,56,21
Chchd10,0.46,0.027019496559285004,8136,4722,7569,6710,8295,9871
C1s1,0.52,0.027055592228860986,1188,531,1154,869,1167,1237
Slc25a47,-1.15,0.027070749019805655,16,7,13,32,48,55
Taf6,0.47,0.027070749019805655,494,324,529,412,648,578
Chd9,0.62,0.02710538763165359,598,439,432,424,541,706
Pcdhga11,-0.47,0.02711935837854658,249,153,291,399,523,698
Lamtor5,-0.49,0.027173321448687313,294,180,354,540,697,684
Tbx3,0.83,0.027201955466205727,124,100,110,61,117,155
Wbp2,0.47,0.027201972240264334,795,550,1052,694,976,1258
Yy2,-0.84,0.027234404852450607,34,26,32,72,89,121
Cd34,-0.62,0.027234404852450607,897,411,633,1435,1401,2113
Pgs1,-0.62,0.027234404852450607,108,71,152,205,286,362
Ran,-0.43,0.027234404852450607,565,373,663,848,1348,1451
Bzw1,-0.39,0.027234404852450607,1032,653,973,1541,2083,2252
Kank2,0.57,0.027234404852450607,524,236,494,379,411,599
Gm34636,1.4,0.027234404852450607,32,33,23,16,15,27
Mzt2,-0.64,0.027244538826999502,73,58,96,150,224,226
Adamts15,-1.12,0.02724550698482401,15,10,21,44,47,79
Rnf111,0.56,0.02725444550457904,225,147,260,175,217,336
4732471J01Rik,0.74,0.027266757771602042,98,56,96,78,78,90
Champ1,-0.54,0.027334285281780855,130,75,142,202,312,334
Surf4,-0.39,0.027334285281780855,871,553,965,1324,1755,2215
Tmem184c,0.53,0.0273578392217983,297,145,261,223,268,313
Gxylt1,0.65,0.0273578392217983,259,128,204,196,192,229
Map4,0.46,0.027404500116508648,5618,3797,5685,4338,7059,7316
Tbc1d4,0.48,0.027405987349730706,756,578,1049,706,1064,1112
Col15a1,-1.06,0.02744136235386008,366,155,316,696,652,1609
Alyref,0.52,0.02744136235386008,413,333,487,367,442,672
Gm46764,0.66,0.02744136235386008,103,66,118,74,99,135
Stk10,0.77,0.027446445230558975,78,47,80,52,80,68
Tspan9,-0.73,0.027450256872723393,159,80,105,261,265,434
Atg4b,-0.52,0.027450256872723393,211,118,234,385,416,529
Gm38426,2.47,0.027450256872723393,34,78,29,6,24,17
Furin,0.54,0.02748457013748668,324,219,439,313,342,468
Dnajc4,0.56,0.02749540455938379,339,224,414,240,365,530
Map2k3,0.71,0.027501252447377736,2178,1333,3197,1607,1937,3362
Nek5,1.98,0.027501252447377736,9,20,41,7,8,15
Msmo1,-0.99,0.027534177100301132,50,28,48,146,97,167
Snrnp70,0.66,0.027570026009158012,1671,1295,2438,1119,2277,2531
Pcdhga8,-0.46,0.027650770190100087,254,155,288,400,520,701
Cryz,-0.69,0.027651223960554378,117,67,98,188,323,250
Gbf1,0.43,0.02768089030586098,631,468,684,567,734,975
Nr2f6,-0.85,0.027713958508954934,118,42,135,194,354,325
Chrna10,-0.67,0.027713958508954934,103,89,108,247,272,286
Gda,0.53,0.02772531694377757,256,166,282,245,249,315
Gm46049,-2.21,0.02773112418734686,5,0,3,14,20,30
Pmepa1,0.44,0.02773112418734686,338,207,368,285,408,438
Naa38,0.52,0.02773112418734686,536,362,623,436,518,852
Snrk,0.53,0.02773112418734686,509,422,728,476,637,860
Inpp5b,-0.63,0.02781617409560503,86,62,91,138,243,255
Ggnbp1,-0.65,0.027851491457195062,224,127,157,413,436,469
4933424G06Rik,1.72,0.028009097432873567,12,11,27,9,6,10
Gnl3,0.46,0.028028958006691584,648,492,707,524,883,905
Zdhhc2,-0.82,0.02808163324601409,169,111,100,355,396,382
Gm33746,-1.01,0.028082827741023813,24,13,31,73,71,81
Zfp871,-0.55,0.028082827741023813,403,237,283,639,774,862
Mettl16,0.54,0.028082827741023813,371,220,338,262,444,366
Mindy1,-0.61,0.0280995711229672,210,152,314,394,697,647
Gstm4,-0.67,0.028101926555339114,96,55,105,139,272,284
Ahctf1,0.43,0.028101926555339114,931,634,1074,754,1210,1387
Map3k3,0.46,0.028101926555339114,450,301,552,445,507,630
Tdrkh,0.87,0.028101926555339114,124,123,176,95,181,119
Prr12,0.66,0.028163635516880572,185,137,302,156,226,281
Prg4,2.17,0.02820090408859887,3413,1084,944,572,767,619
Eif4ebp1,0.76,0.028271955519113892,638,597,1151,491,867,1081
Inpp5f,-0.64,0.028372130149145736,69,54,73,133,193,196
Hacl1,-0.71,0.02838517723872241,73,45,66,119,211,179
Peg13,0.62,0.02838517723872241,321,319,364,304,418,407
Pcdhga10,-0.47,0.02845197677008025,256,150,290,397,524,700
Pick1,0.49,0.02845197677008025,559,377,489,385,647,727
Gm10033,0.81,0.028475779725874655,254,251,209,207,240,267
Gm40667,1.62,0.02854463128700572,2020,1806,1012,783,740,1314
Gm30042,1.6,0.028591510945067605,14,14,36,9,15,11
Zdhhc20,-0.64,0.02862283767497056,99,58,108,201,251,227
Ptges3,-0.53,0.02862283767497056,675,299,620,1076,1255,1401
Tmem185a,-0.46,0.02862283767497056,248,168,285,380,609,644
Snrpn,0.53,0.02868551231285174,916,565,900,725,1143,880
Gm51821,0.66,0.02868935987374409,123,62,120,88,99,132
Desi1,0.54,0.02870628002139298,161,110,186,136,173,224
Arf1,-0.41,0.02878102522089323,2048,1265,2261,3089,4239,5085
Snurf,0.53,0.02878102522089323,916,565,898,724,1143,880
Naa80,0.58,0.02878102522089323,154,97,186,122,157,214
Setd2,0.48,0.02878341746259298,678,454,571,504,801,792
Fbf1,0.65,0.028783928619572303,146,101,223,123,172,205
Ints13,0.5,0.028807129621152727,414,220,416,277,479,492
Deptor,0.8,0.028807129621152727,2243,842,2665,1258,2009,2057
Lincmd1,1.6,0.028807129621152727,19,14,15,4,8,15
Pou4f1,1.18,0.028828472541959083,65,21,49,18,44,37
Faim,0.98,0.028851603696460826,67,57,66,28,72,68
Irak2,-0.73,0.028855660127529086,104,58,67,174,195,275
Hs2st1,-0.46,0.028866078226714317,216,131,249,335,495,549
Gm39866,1.32,0.028866078226714317,83,23,110,45,34,58
Septin7,0.51,0.028892547160561364,3153,1552,2747,2460,3092,2982
Tada1,-0.74,0.02889257062653511,52,28,59,111,129,143
Thbd,0.67,0.02889257062653511,313,193,322,182,260,463
Rap2c,-0.66,0.0289168964638273,351,138,325,561,807,701
Gm2518,-1.36,0.02891933949620239,9,7,9,25,48,36
Ptpn18,-1.29,0.0289496113801135,23,5,23,41,88,79
Mat2a,-0.68,0.029003525422148197,2805,1333,3875,5090,7359,8500
Apbb1ip,1.15,0.029003525422148197,131,40,57,40,62,68
Marchf3,-1.26,0.02901021247352273,11,7,12,23,44,57
6430562O15Rik,-1.01,0.02901021247352273,74,36,31,124,152,207
Pcdhgb5,-0.48,0.02902253212439158,247,151,294,401,517,703
Mark4,0.53,0.02902567879061756,263,142,286,223,248,321
Nol11,-0.48,0.02903009095960271,216,147,191,355,462,497
Gm53896,0.62,0.029043809272266772,321,320,364,305,418,411
Gm26555,-1.23,0.029082451792413214,14,5,18,34,58,53
Fbn1,-1.23,0.02921765022944266,649,187,302,1254,1394,1665
Sorbs3,1.25,0.02924318782742338,741,1055,1818,610,842,1205
Blcap,-0.57,0.02926792750021713,208,173,323,480,594,672
Psmd5,-0.51,0.02926792750021713,172,128,178,325,360,468
Cdk15,2.38,0.02926792750021713,30,10,14,6,0,11
Acap2,-0.48,0.029285763828671527,194,114,202,277,419,507
Uspl1,-0.46,0.029299499842794303,332,223,388,508,860,835
Mfge8,-0.44,0.029299499842794303,362,277,450,600,901,1029
Rad50,0.65,0.029299499842794303,269,129,192,161,184,287
Micos13,0.41,0.029327240133326344,631,368,636,559,653,844
Gm36331,1.26,0.029327240133326344,39,34,47,10,38,39
Tk1,-1.04,0.029357624343077156,32,45,35,107,150,145
Skic8,-0.49,0.029357624343077156,179,126,164,294,399,431
Acer2,0.84,0.029357624343077156,60,52,77,43,74,62
Pcdhga3,-0.47,0.02938765070304747,259,156,295,406,526,719
Gm31143,-1.9,0.02940296646629055,2,2,4,10,21,21
Prdx5,-0.41,0.029414217798954517,1261,835,1152,1968,2491,2826
Satb1,0.39,0.029420274543506552,1157,729,1102,1028,1371,1426
Ppia,-1.03,0.029428906019151355,21,10,20,43,53,80
Asah1,-0.45,0.029480238193732963,383,213,333,602,719,787
Elavl1,-0.6,0.02951010439590437,238,168,372,490,615,881
Utp6,0.47,0.02951010439590437,1023,596,1021,686,1242,1326
Ehhadh,-0.97,0.029513762435053034,81,28,42,151,164,168
Ift70a1,-1.02,0.029560360096778194,30,12,21,65,68,78
Aftph,-0.44,0.029560360096778194,269,179,268,397,628,631
Itgb5,-0.38,0.029560360096778194,712,415,665,998,1384,1538
Med29,-0.52,0.029561717628636134,129,78,143,201,300,345
1110065P20Rik,-0.78,0.0295790868543255,91,61,147,274,266,293
Il15,0.74,0.029639763399462095,115,69,116,93,110,92
Rnpc3,-0.54,0.02965598659959226,294,193,233,492,649,620
Pla2g15,-0.78,0.02968928875068585,41,31,63,100,124,166
Sirt3,-0.85,0.02969430520905024,134,53,67,208,264,286
Ppp2r5d,0.41,0.02970166999718284,581,422,635,546,664,883
Dnajb9,0.55,0.02970166999718284,981,864,957,910,1032,1384
Zmynd8,0.43,0.02971185552233118,325,198,305,270,363,399
Rpl13a,0.59,0.029765706406327575,6343,4332,9666,6039,7332,9037
5430401H09Rik,-2.21,0.029779879102022684,7,9,4,47,21,94
Pum3,0.46,0.029793561294251158,334,223,309,299,352,410
Zmym2,-0.41,0.029846908485663123,668,346,640,960,1250,1442
Zc3hc1,-0.6,0.02987382007804425,132,100,164,212,403,419
Enpp2,-0.5,0.029987642083060984,312,181,341,583,578,788
Scarb2,-0.4,0.029998052993751835,1627,1010,1729,2426,3155,4166
Ap3m1,-0.51,0.030029830266222027,357,183,308,597,613,778
Fam76b,-0.5,0.030029830266222027,133,88,137,217,307,329
Timm50,-0.46,0.030114504576264543,228,156,234,404,450,577
Pkdcc,-0.52,0.03012350268134969,686,361,762,1257,1488,1451
Tatdn3,-0.7,0.03020605748200466,77,46,112,154,208,275
Dpysl2,0.68,0.03020605748200466,275,135,196,187,174,269
Hunk,-1.84,0.030252706706502673,3,4,9,25,20,54
Gabrb2,2.11,0.030271440588367733,22,5,16,8,2,6
Cfap54,-1.24,0.030272038039010393,12,14,13,35,47,79
Grcc10,-0.43,0.03029742391875615,476,295,537,846,960,1107
Dck,-0.94,0.03030177794849236,30,14,22,56,67,90
Dusp23,0.46,0.03030177794849236,400,226,469,354,442,514
Tm7sf2,-1.15,0.03030878837784999,21,11,28,76,54,89
Scamp3,0.55,0.030352801891421262,401,314,574,327,531,657
Acot6,-1.09,0.0303700107383773,58,13,42,106,155,128
Adarb1,0.67,0.030409262656803195,228,107,180,108,204,237
Higd1b,-0.83,0.03050901862197566,44,25,50,86,100,173
Pgap1,-0.67,0.03051827441995204,77,37,82,143,176,194
Pkn1,0.46,0.030544388912070654,409,265,387,339,400,578
2300009A05Rik,-0.75,0.030573302639553636,50,36,45,102,112,161
Csrp1,0.46,0.030598616875335827,458,353,472,435,497,662
Gm4786,0.62,0.030603884728161432,114,90,150,106,135,148
Scai,-0.74,0.030613804993371088,69,35,53,129,151,153
Yaf2,0.5,0.030613804993371088,411,297,447,421,417,526
Rab1a,0.39,0.030615593767835254,2416,1463,2307,2109,2721,3110
Cox8a,-0.46,0.030749001326519518,233,144,244,403,446,572
Paip1,0.44,0.030767333707496274,1447,767,1241,1055,1616,1599
Srpk1,0.51,0.030791411533434274,337,178,335,217,374,415
Ttc33,0.44,0.03083266036262262,916,650,1105,861,1266,1162
Ankrd42,-0.87,0.03088978181638004,73,44,48,155,194,152
Slc19a2,-0.77,0.03088978181638004,66,32,47,110,160,143
Dennd5a,0.4,0.030956375742725476,673,437,744,656,809,876
2610020C07Rik,-0.65,0.030961698550957168,117,49,108,196,234,273
Ptpra,0.44,0.030961698550957168,398,244,383,297,440,556
Pierce2,0.64,0.030961698550957168,120,69,141,87,136,129
Mir29b-2,-1.7,0.030968829802701433,5,2,7,26,28,22
Hba-a2,1.95,0.031155731691051396,232,35,133,42,36,88
Prc1,-1.47,0.03132071378841825,16,6,5,26,50,52
Tanc2,-0.86,0.03132071378841825,82,39,53,103,227,210
Ercc8,-0.89,0.031330365931765324,29,21,33,57,110,95
Gm1976,1.27,0.031330365931765324,43,18,43,9,29,35
Abhd11os,-0.75,0.031335206889973925,60,31,45,104,117,164
Thoc6,0.56,0.031335206889973925,218,105,212,154,194,256
Kmt2b,0.5,0.0313979576209429,244,169,326,226,293,358
Rab5b,0.38,0.03150887098806446,1342,806,1480,1186,1606,1867
Cep192,-1,0.031521942696798574,21,18,20,48,83,71
Lingo3,-0.73,0.031521942696798574,95,43,125,169,256,295
Sdhaf2,-0.46,0.031521942696798574,419,294,358,669,871,966
Pdrg1,-0.42,0.031521942696798574,892,547,1021,1509,1942,1981
Fnbp1l,0.57,0.031521942696798574,144,122,176,133,172,204
Mascrna,-1.51,0.03153413252044047,10,15,16,53,98,46
2900009J06Rik,1.73,0.03156925375003034,14,10,12,7,4,7
Tardbp,0.45,0.03167655181989,2550,1411,2475,1784,3066,3070
Zfp511,0.73,0.03167655181989,85,65,87,55,99,91
Gpt2,-0.68,0.03169797740679765,2908,1714,4232,4742,8365,10944
Atxn2,0.43,0.03169797740679765,768,546,757,649,835,1167
Bltp2,0.48,0.03169797740679765,5249,3020,4145,3697,5663,5660
Lurap1l,-0.91,0.03170219954619322,39,18,31,88,80,105
Lonp2,0.42,0.03170219954619322,1376,988,1462,1158,1877,1845
Mterf4,0.58,0.03170219954619322,158,89,189,121,177,188
Tmem120a,-1.05,0.03175850009128552,50,20,23,97,113,108
Capzb,0.52,0.03175850009128552,4939,3315,6688,3975,6128,7547
Gm5113,-0.53,0.03178982377900874,168,99,131,249,332,390
Prkacb,-0.46,0.03179283908325855,610,313,594,917,1316,1209
Serp1,-0.61,0.031811163665858545,206,119,273,451,435,601
Mcrs1,-0.72,0.03182462334369987,178,81,247,332,436,597
Cabp7,-0.71,0.03182462334369987,65,39,97,148,181,216
Zfyve21,-0.62,0.03182462334369987,71,59,85,146,202,213
Cmtr1,-0.4,0.03182462334369987,390,260,427,566,855,999
Ecsit,0.38,0.03182462334369987,1064,614,1042,951,1148,1375
Ndufs7,0.51,0.03182462334369987,2973,2328,2666,2680,3182,3784
Tpst1,-0.66,0.03184155573022752,74,38,84,130,164,225
Ireb2,-0.53,0.031872191805975156,510,296,353,748,1049,1040
Tpm2,0.93,0.031872191805975156,133340,91224,70944,73215,87483,109906
Hgs,0.71,0.03202664023821216,209,182,392,195,305,303
Sdf2,0.41,0.0320475567653806,887,505,1006,748,1032,1232
Acot10,1.14,0.03206421640541092,24,14,28,13,18,19
Rcc1l,-0.49,0.032076238824291725,176,98,150,249,357,398
Lta4h,-0.46,0.032076238824291725,202,142,249,375,480,512
Clybl,-0.42,0.03210576603250423,348,237,394,530,844,849
Gimap1,1.05,0.03216563693250784,70,51,112,38,47,108
Klhl8,-0.42,0.03221369727466331,266,169,285,408,595,613
Tia1,-0.51,0.032224820087964415,293,250,286,502,734,824
Cntd1,-0.58,0.03222506271958263,174,137,227,336,564,459
Rpl10,-0.82,0.03231009824843105,35,25,32,78,101,95
Mdn1,0.59,0.0323585818980836,247,175,289,159,323,335
Pi4k2a,-0.61,0.032360808018994665,104,83,144,246,254,347
Poldip3,-0.58,0.03238127863043688,115,83,150,192,308,395
Prkag2,-0.71,0.03241319358193209,96,38,86,163,219,207
Slc39a13,0.52,0.03246067842204785,313,235,446,296,369,507
Gm35612,0.83,0.03246067842204785,63,40,80,37,55,83
Gm30108,1.79,0.03246067842204785,16,6,21,9,5,6
Tmem203,-0.96,0.03250544643205611,31,15,41,78,75,129
Ss18,-0.45,0.03254264712309484,198,137,231,358,444,493
Grpel2,0.4,0.03254264712309484,371,233,374,319,428,506
Czib,0.41,0.03254264712309484,476,295,437,368,551,631
Lrrc19,1.2,0.032562973803927205,60,33,36,20,23,54
4931403E22Rik,0.6,0.032565042719599924,233,114,184,129,207,260
Sumo1,-0.42,0.03263838280356361,556,340,633,980,1130,1272
Tnni3,-2.11,0.03264611176741773,5,2,4,23,12,47
Tmem141,0.72,0.03264611176741773,110,77,179,89,128,156
Pgk1,-1.13,0.0326623613973609,857,327,1315,2503,2697,3418
Ciart,-0.81,0.0326623613973609,102,79,174,192,397,483
Gpcpd1,-0.45,0.0326623613973609,5186,3581,4807,8288,10740,12489
Sox18,0.93,0.0326623613973609,61,64,119,52,64,103
Eif2b5,0.47,0.03272537590960044,664,565,801,581,945,1006
Gm16159,-0.96,0.03275413284178288,25,12,34,59,70,102
Camk2d,-0.43,0.03275413284178288,561,306,556,847,978,1371
Bace2,-0.89,0.032804003989762555,25,16,22,50,72,76
Sf3a2,0.57,0.032804003989762555,377,275,504,271,444,626
Exoc3,0.49,0.03284467125465015,877,568,691,595,991,1040
Stab2,0.8,0.03284467125465015,192,127,257,109,265,185
Gm51579,-1.57,0.032907049151451345,7,11,6,44,35,42
Smdt1,0.39,0.032907049151451345,1166,814,1310,1068,1575,1615
Syngr1,0.6,0.032907049151451345,430,345,726,447,595,608
Nsmf,-0.62,0.03294194615095853,73,58,73,140,176,222
Asap3,-1.06,0.03294734696558882,34,15,28,81,61,125
Pigx,-0.69,0.032949498202904076,99,51,122,225,226,260
Dr1,-0.44,0.032949498202904076,280,204,278,482,577,690
Atp5l,-0.62,0.0329879974030551,111,62,119,164,307,282
Cdk20,-1.15,0.03299231145574944,15,10,13,27,57,61
Pla2g7,-0.76,0.03304747666062576,1171,488,1160,1616,3523,2729
Leprotl1,-0.52,0.03304747666062576,168,121,147,267,397,408
Lox,0.71,0.03304747666062576,438,219,326,342,311,316
Jsrp1,0.58,0.03315877125727812,4414,3972,6723,3945,5912,7602
Rpl32l,0.97,0.03321180943069973,61,29,45,27,50,38
Tnks2,-0.46,0.03324671020756673,2515,1457,1962,3670,4776,5256
BC031181,-0.45,0.033254161905395554,326,223,283,462,691,812
Gm53910,-0.73,0.03325729597064312,48,26,55,83,134,142
Far2,0.41,0.03325729597064312,530,345,545,504,633,640
Sgf29,-0.69,0.033268439685282175,113,125,185,295,456,425
Tmem104,0.62,0.033268439685282175,124,90,116,86,122,163
Fkbpl,0.68,0.033268439685282175,152,84,117,79,126,174
Xab2,0.72,0.033268439685282175,189,214,321,178,252,339
Npdc1,-0.64,0.033282648580105684,80,63,104,141,259,262
Gucy1a2,-0.8,0.03329452940325475,74,43,46,144,163,167
Pacc1,-1.21,0.03331671853081505,9,11,15,29,47,64
Eloa,0.52,0.03331671853081505,908,789,999,705,1234,1364
6330415G19Rik,-1.32,0.03336314406584423,9,4,10,24,40,33
Ap5m1,-0.66,0.03341318385651146,231,92,145,332,397,495
Noct,0.95,0.0334622413518468,640,562,877,295,650,982
Rhou,0.87,0.03362564936988071,438,299,242,286,285,343
Gm10638,-1.32,0.03366711413925461,24,30,26,50,118,197
Mir5116,-1.48,0.033814119491554995,5,7,23,41,66,57
Camk2g,0.4,0.033814119491554995,1905,1436,2238,1911,2387,2848
Gbp3,0.69,0.033814119491554995,166,116,211,167,134,201
Tiprl,-0.5,0.03390720415020397,340,154,267,459,644,686
Mrps23,-0.38,0.03394883431637724,702,436,647,1014,1411,1483
Rap1a,0.5,0.03396715837096357,1490,724,1551,1281,1445,1590
Tspan6,-1.11,0.03398068919077241,49,17,42,139,85,152
Eef2k,0.45,0.03398418246797612,1197,641,1410,969,1411,1545
Rras,0.48,0.03398418246797612,312,175,341,243,312,441
Gtdc1,0.51,0.03398418246797612,288,246,408,286,406,432
Gm7367,0.68,0.03398418246797612,228,150,363,164,308,301
Mlh3,0.46,0.034007695327329356,313,207,324,251,408,378
Zfp560,-0.7,0.034030817444614656,52,34,71,112,157,155
Tspan4,-0.71,0.034058458809916155,91,62,159,217,274,360
Alg14,0.63,0.034068142811262137,190,81,166,125,169,167
Sp100,0.5,0.034156169440378664,205,121,195,147,208,271
Sars2,-0.77,0.03417674823649259,86,73,69,146,280,255
Gm39034,-2.77,0.03421240897937253,0,2,1,13,12,12
Ccdc152,-0.59,0.034231075973743655,869,403,602,1347,1740,1535
Pcmt1,-0.36,0.034231075973743655,1275,791,1288,1838,2507,2908
Hdac8,1.01,0.034284865221537,129,44,119,60,109,65
Gm32297,-2.3,0.03430672081054618,8,2,1,35,14,43
Nnmt,-1.21,0.03430672081054618,33,11,19,80,93,64
Kptn,-0.74,0.03430672081054618,56,60,66,128,189,212
Spryd7,-0.51,0.03430672081054618,602,352,785,1037,1584,1449
Ube2m,0.4,0.03430672081054618,1299,952,1566,1277,1589,2040
Gm24339,1.67,0.03430672081054618,14,17,20,6,15,6
Aebp1,0.51,0.034323332017528435,2034,1803,2061,1876,2345,2991
Zfpm1,0.79,0.03435123262116318,76,52,95,59,57,102
Ccdc32,-0.76,0.03435169531076544,57,41,71,105,211,168
Cc2d1a,0.55,0.03443743056040489,159,131,195,137,212,219
Ube2v1,-0.47,0.034521279752843026,255,135,206,362,458,562
Slc35e2,0.74,0.034522519064885564,106,101,153,96,103,173
Dand5,0.66,0.03460987967137052,167,170,219,171,181,257
Tgtp1,1.23,0.034678300126159085,45,23,67,36,20,37
Cdc26,-0.59,0.03475534446082471,230,131,241,476,531,464
Ptrh2,0.53,0.03480667468659326,241,142,303,216,242,328
Gm51700,1.38,0.03497181981222394,99,43,37,18,56,44
Rictor,-0.56,0.0349989057785864,232,135,302,442,624,546
Ndufb1,0.57,0.03512603208508712,5249,3870,6882,4981,7179,5684
COX1,1.37,0.03514172205396596,2389690,1147764,796303,868811,991644,937957
Rab40c,-0.84,0.03521606155632051,39,20,43,95,87,118
Far1,-0.43,0.03521606155632051,261,161,260,430,478,635
Atg12,-0.4,0.03521606155632051,381,211,375,573,728,816
Rslcan18,1.26,0.03521606155632051,71,19,58,30,21,50
Tmem220,1.18,0.0352176691056593,63,37,35,29,22,51
Lrig2,-0.65,0.035266977317129446,75,75,102,174,247,257
Syne4,-2.36,0.035305678365973675,1,4,1,9,24,22
Gm41608,-0.5,0.035377513348209336,117,77,127,194,282,290
Ppp2r2d,0.42,0.03539870153566159,721,434,720,521,864,1011
Tspan11,-1.26,0.03546880249472847,11,11,21,41,43,93
Ncbp2,0.56,0.03546880249472847,447,245,294,268,412,459
Jchain,3.92,0.03546880249472847,47,12,181,8,14,2
Hlcs,0.53,0.03546945606252643,236,142,181,159,239,260
Hmgb1,0.4,0.03552867367640045,1268,979,1540,1297,1656,1905
Nudt12os,-1.05,0.035534686701635516,13,9,16,31,51,52
Pebp1,-0.4,0.035534686701635516,1069,748,1273,1634,2539,2745
Zfp52,0.84,0.035534686701635516,263,114,151,164,153,163
Irx3,1.18,0.035534686701635516,106,28,57,46,46,43
Scx,-0.64,0.03555509777812435,66,37,61,118,135,175
Lonrf1,0.65,0.03563224765587711,239,119,284,153,207,328
Ppp1r13l,1.07,0.03563224765587711,41,53,84,27,58,62
Usp15,0.45,0.03569107313597681,4332,2626,3445,3427,4545,4851
D8Ertd738e,0.46,0.035726655636042784,1398,981,1876,1179,1925,2136
Slmap,0.52,0.03572815587664417,1910,1101,1288,1373,1708,1999
Mir7082,-1.76,0.03580120960659414,3,2,7,12,31,27
Maff,0.98,0.035873198381482396,152,124,88,65,115,152
Rgs2,-1.27,0.03590168129081503,144,74,58,395,356,337
Cdc14a,1.36,0.03590168129081503,1061,388,936,567,306,577
D4Ertd617e,-0.9,0.035919149469650295,23,16,21,45,72,74
Gm46735,0.97,0.035920344779745254,51,30,50,26,52,34
Sh3gl1,-0.6,0.036058433884236005,79,62,110,160,211,274
St8sia4,-0.93,0.03608314982153917,52,24,57,150,113,143
Ap1s1,-0.51,0.03610812946073629,125,70,133,192,279,310
Usp44,-0.59,0.036132135515084284,283,128,287,395,718,620
Blzf1,0.44,0.03616998144563408,812,463,640,564,841,1008
Gm13572,2.01,0.03616998144563408,21,17,8,9,4,6
Fscn1,-0.93,0.03618329074463769,64,46,76,187,122,286
Alkbh3,0.48,0.03619990293137258,425,318,495,325,584,628
Cuedc1,0.39,0.03620409836168243,2040,1383,2351,2033,2504,2841
Zswim8,0.44,0.03624203548648966,395,279,443,312,495,610
Ifi27,-0.55,0.036252863205749324,251,137,215,466,480,500
Ggnbp2,0.37,0.03634256482007949,965,622,895,824,1173,1260
Aebp2,0.4,0.03634256482007949,738,526,716,671,934,943
Gm54273,-1.31,0.036387840513821504,16,3,23,40,68,65
Carm1,0.38,0.036387840513821504,883,556,943,802,964,1316
Gm40713,1.56,0.036387840513821504,35,22,25,3,25,20
Gm30735,2.08,0.036387840513821504,12,12,36,12,2,9
TrnM,2.66,0.036387840513821504,9107,4170,1618,1169,1260,1589
Usp1,0.46,0.03640175976809526,479,280,453,424,534,495
Tmem165,-0.58,0.036430267769492666,138,116,162,327,314,409
Lmod2,2.33,0.036438257609464335,12603,12006,4177,2500,2746,5579
Zfyve9,0.4,0.036457153144753014,1576,940,1526,1216,1988,1976
Slc39a11,-0.95,0.036507526738772896,24,12,19,52,55,71
Fzd1,-0.93,0.036507526738772896,35,19,27,86,71,99
Rpa2,-0.53,0.036529461601710805,214,126,206,326,548,442
Nup88,-0.37,0.036529461601710805,503,302,487,731,917,1162
Arhgdia,0.43,0.036529461601710805,941,603,1143,807,1056,1503
Gm40029,1.63,0.036529461601710805,30,33,20,5,25,17
Cit,1.63,0.036529461601710805,15,16,11,7,7,9
Gm33319,1.73,0.036529461601710805,32,5,23,11,7,11
Gm30003,1.97,0.036529461601710805,17,9,12,2,11,3
Esyt2,-0.37,0.036541105801680906,588,348,638,842,1217,1357
4732416N19Rik,-0.65,0.03654864451987849,54,37,57,106,141,143
Vkorc1,-0.82,0.03657702904754399,71,23,67,109,156,207
Rrm1,0.48,0.03657702904754399,938,663,731,763,982,1119
Dmac2,0.5,0.03657702904754399,460,314,357,374,467,527
Gnai3,-0.44,0.03660880439404865,321,173,305,518,567,711
Ap2s1,-0.58,0.03661862126390919,184,131,278,339,484,689
Scara5,-0.42,0.03661862126390919,299,196,272,482,589,659
Ttll5,0.65,0.03664562560685911,104,58,96,61,106,111
D3Ertd751e,0.58,0.036720444097730405,188,106,138,130,156,201
Atf1-ps,0.87,0.036720444097730405,51,46,83,35,67,66
Slc19a1,-0.88,0.03674323932277251,22,21,36,59,93,96
Rps9,0.49,0.0367718931981532,2824,2279,3973,3079,3501,4252
Mir7052,-1.71,0.03684785076459968,5,1,4,15,18,23
Scyl1,0.4,0.03685019107345461,1059,753,1321,979,1339,1711
Tppp3,-0.46,0.03687864302929685,482,325,666,810,1168,1436
Fam174c,-0.96,0.03688700411157894,35,27,63,75,182,159
Mterf3,-0.5,0.036932606848089654,191,145,195,375,391,504
Mob3a,-0.89,0.03696035090258304,30,14,43,65,94,110
Slc12a6,-0.4,0.03696035090258304,420,315,465,714,982,991
Gm33967,0.81,0.03699385531425397,56,30,59,39,41,57
Cbx7,0.53,0.037022079844978434,302,162,392,251,337,385
Slc25a22,-0.93,0.0370453348615937,83,74,57,142,318,266
Klhl40,-0.46,0.03705126524632379,1127,908,1539,2088,2700,3593
Fam162a,-0.37,0.03706235477737683,625,408,609,996,1207,1367
Tmc7,-0.56,0.037071998912121366,130,60,119,183,278,299
Comtd1,-0.5,0.037071998912121366,143,96,136,206,317,389
Cdk13,0.42,0.037071998912121366,405,295,474,347,534,624
Dpy19l1,-0.67,0.03707617890113407,88,37,67,125,178,207
Coq10a,-0.63,0.03707617890113407,2251,1644,1541,4234,4578,5718
Pigm,-0.59,0.03707617890113407,92,60,82,138,199,269
Picalm,0.48,0.03707617890113407,2861,1936,2419,1969,3291,3760
Eif1a,0.46,0.03708354237336412,358,207,330,322,356,398
Tmem259,-0.47,0.03709295945373104,394,310,408,765,800,1046
Gucy1b1,-0.56,0.03709445466150791,122,70,119,228,259,266
Ccrl2,-1.04,0.037121125832627146,119,43,44,166,243,310
Dpp7,-0.59,0.03714216928106214,71,43,67,114,159,189
Gm15738,1.19,0.03718503699994758,20,17,31,14,13,23
LOC102632541,-1.47,0.0372008752203241,14,2,14,46,34,56
Suclg1,0.47,0.0372008752203241,6151,3835,4802,4742,6366,7060
Ubl4a,0.72,0.03724114018248846,832,536,1519,719,1029,1121
Emd,0.51,0.03727363297643471,307,267,405,293,454,424
Dmxl1,-0.56,0.0373225265900003,663,396,437,988,1424,1331
Septin4,-0.56,0.03743572072100523,105,76,129,188,239,352
Gm26800,-0.72,0.037476877599597225,85,65,80,178,166,306
Tet3,-0.6,0.0374837242147752,174,87,189,263,337,552
Ccl8,2.38,0.0374837242147752,34,4,21,5,12,1
Tmem250-ps,-0.59,0.03753531599148973,100,86,121,231,243,305
Phyhd1,-0.51,0.03753770931635668,212,162,187,330,516,535
Noc2l,0.53,0.03756965321772904,486,394,717,418,631,853
2310009B15Rik,0.78,0.03756965321772904,97,91,169,87,101,168
Mthfd1,-0.43,0.0376076960817377,488,287,376,662,919,1064
Arhgef3,0.51,0.0376076960817377,281,162,237,174,296,348
Dnah17,-1.07,0.037639849034025355,25,7,32,56,77,88
Morf4l1b,-0.82,0.03765065142997955,64,24,51,97,170,139
Bysl,0.38,0.037665094174133246,481,344,523,453,624,683
Megf8,0.44,0.03769711987543731,339,253,370,326,375,509
Slc11a2,-0.49,0.03771860114136733,242,115,248,353,474,575
Terf2ip,0.43,0.03772478814494237,309,189,345,286,333,424
Acad12,-0.7,0.037873655276563035,76,46,67,112,224,186
Atp2b3,0.47,0.03792584866368542,228,167,259,181,289,339
C3,1.12,0.03792584866368542,1570,497,1003,663,940,621
Acd,0.88,0.037976853248968045,57,66,110,52,82,83
Nrap,0.72,0.03802177533403886,19057,18554,16377,14308,19053,25444
Nsun4,-0.63,0.03804509828685081,222,92,169,271,504,470
Synj2bp,0.45,0.03812543842220103,1563,835,1204,1131,1665,1632
Apoe,0.73,0.03812543842220103,2910,1628,4753,1958,3418,3883
Zfp747,0.79,0.03812543842220103,58,51,92,49,62,87
Fnip2,0.66,0.0381562709994297,92,68,81,66,86,109
Apmap,-0.41,0.03815846493520531,346,209,310,537,629,756
Apip,0.43,0.03815846493520531,585,384,544,523,566,815
Pcdhgb6,-0.43,0.038171823343213396,258,169,303,410,531,720
Shc4,1.25,0.038200939434887775,51,50,51,48,25,33
Rapsn,-0.47,0.03825313936185936,176,99,179,252,395,405
Snx3,-0.41,0.03825313936185936,711,450,863,1237,1578,1630
Klhdc4,0.53,0.03825313936185936,142,105,152,121,153,199
Ggact,-0.55,0.03827504645204535,111,98,130,210,319,326
Snora61,-1.94,0.03830289316400359,2,2,3,17,16,13
Cnpy3,-0.6,0.03830289316400359,77,42,78,121,164,218
Plekha6,-0.55,0.03830289316400359,118,84,120,173,284,359
Cog4,0.42,0.03830289316400359,1151,746,968,866,1264,1566
Rnf10,0.47,0.03830289316400359,3197,2025,4388,2912,3939,4652
Brpf3,0.69,0.03830289316400359,200,156,217,188,233,170
Arhgap27,0.88,0.03830289316400359,67,67,67,51,51,88
Bex3,0.89,0.03830289316400359,46,39,84,36,52,66
TrnS1,-1.45,0.03845459295405264,3633,2456,1458,12175,10547,12522
Rpl27,-1.09,0.03845459295405264,23,11,11,40,60,63
Fbln7,-0.97,0.03845459295405264,51,19,76,103,144,230
Lamtor3,-0.44,0.03845459295405264,249,160,292,391,511,707
4930486L24Rik,1.22,0.03846009800779346,39,22,35,8,26,37
Poglut2,-0.62,0.03852881780691455,125,67,114,155,315,337
Pgrmc2,0.46,0.038532587412342334,368,241,495,350,465,525
Gm46722,-1.59,0.03857156571857437,10,8,8,39,65,27
Snap47,-0.46,0.03857156571857437,198,130,173,284,439,458
Asb11,0.44,0.03857156571857437,2692,2141,3529,2809,3488,4151
Mir3082,0.48,0.03858124460168254,242,188,324,248,305,360
Tacc1,0.49,0.03858124460168254,349,181,337,286,300,437
Oxsr1,0.45,0.0385873982243516,1420,808,1115,949,1598,1610
Raph1,0.52,0.03859240083108923,701,470,501,523,657,832
Tnfaip8l1,-0.64,0.03861415874481938,97,42,94,148,192,263
H2-D1,0.51,0.03863943742078282,1206,739,1584,1099,1178,1845
Qpct,-0.7,0.038641580017790784,42,25,42,77,104,116
Muc3a,1.61,0.038641580017790784,31,19,14,11,17,7
Ppp2r1a,-0.38,0.038651553894650886,817,601,856,1237,1709,2139
Gm12224,-0.41,0.038711453146995214,885,587,1046,1340,2191,2111
Sh3pxd2b,-0.9,0.03875600063909063,34,27,44,57,132,152
Cdon,-0.55,0.038836238988753435,194,105,131,275,378,414
Msrb3,0.41,0.038836238988753435,3767,2628,3941,3167,5027,5070
Naa60,0.43,0.038836238988753435,440,264,424,346,441,640
Tsen54,-0.82,0.03890348681105174,37,18,42,82,81,122
Gm15417,-0.6,0.03890348681105174,181,97,238,319,517,446
Zdhhc4,0.52,0.03890348681105174,221,197,286,203,280,366
Gm27252,1.49,0.03890348681105174,54,92,136,22,80,78
2900093K20Rik,-1.41,0.03891524300249904,6,7,6,28,26,32
Klhl24,-0.48,0.039034237582161464,2158,1254,1588,3160,4341,4260
Npc2,-0.4,0.03908742070834247,321,188,352,456,670,786
Arhgap21,0.45,0.03908816686802115,495,275,376,345,495,582
Septin10,-0.62,0.03910911823854496,122,57,100,195,274,237
Dennd2a,-0.87,0.0391518499053654,46,19,55,85,105,178
Nup54,-0.56,0.0392194655073353,87,61,103,154,198,277
Snap29,0.44,0.039278756868220376,768,384,643,558,835,808
Tmem268,-0.52,0.03951829838049264,106,69,119,194,221,291
Vps52,0.38,0.03953778502111635,422,263,457,364,509,610
Zfp428,0.85,0.0396116727910326,51,30,46,37,37,43
Mecr,-0.6,0.03961481564441352,114,88,104,212,312,266
Vapa,-0.36,0.03961481564441352,1769,1047,1677,2559,3360,3758
Vgll2,2.47,0.03961481564441352,2070,2578,809,544,515,793
Sipa1l1,0.57,0.03963894998437739,144,109,135,103,162,188
Zfp933,0.54,0.039652732898291444,304,167,219,231,260,301
Abra,0.93,0.0396787657949556,7057,7455,6017,3676,7198,9078
Mfap2,-1.33,0.039690880396768664,20,5,13,34,41,88
Gm13889,-1.15,0.03971457208680923,17,8,28,67,60,64
Itih2,-1.34,0.039751661562806316,15,5,13,46,55,35
Tfam,0.39,0.039751661562806316,808,553,715,687,948,1075
Rnf139,-0.43,0.03978274516047326,1076,523,990,1608,1842,2285
Ift172,0.49,0.03978274516047326,346,250,339,254,375,533
Gm28874,1.54,0.03978274516047326,16,22,42,5,22,20
Ogt,-0.54,0.039804714719052725,1599,1370,2071,2706,5180,4792
Rpl11,0.5,0.03985341255999063,331,196,445,285,418,434
Tmem147,-0.38,0.0398892104586876,412,285,492,682,892,1018
Phgdh,-1.79,0.039968918662777235,2,2,13,20,44,36
Lbh,0.66,0.039968918662777235,129,96,98,88,124,141
Stk17b,-0.57,0.039970807183274885,144,63,120,217,281,299
Apobec3,0.59,0.039970807183274885,244,170,376,236,258,381
Gm51496,1.47,0.039970807183274885,22,11,14,11,7,10
Eipr1,-0.72,0.040035781128961,55,29,55,78,149,163
Carf,-0.68,0.0400777381107235,46,30,45,92,103,132
Osbpl1a,0.46,0.04010998471875085,1087,607,781,757,1076,1235
Lama4,-0.46,0.040148389870510816,270,185,221,423,537,629
Psmd8,-0.41,0.040148389870510816,2197,1283,2504,3248,4844,5129
Psma6,0.41,0.040148389870510816,2994,1914,3697,2810,3754,4268
Acp5,-2.2,0.04021983983242655,3,8,8,51,73,21
Eif3k,-0.38,0.04028063855833964,579,360,697,929,1234,1388
Tm2d1,-0.46,0.040291826358795003,173,106,192,296,391,388
Vasn,-0.93,0.04031737313371411,41,29,93,119,196,200
D130020L05Rik,0.7,0.04031737313371411,66,52,94,56,77,88
Dtx4,-0.7,0.04037308636864441,66,41,99,153,163,239
Trim7,-0.39,0.04037339508401573,375,259,450,577,820,1023
Ptges,-1.33,0.040388609744756235,9,7,25,45,43,86
Yjefn3,-0.91,0.040388609744756235,33,31,49,125,110,114
Dusp29,-0.81,0.040388609744756235,280,155,485,581,1055,1014
Metap1d,-0.44,0.040388609744756235,561,356,438,750,1118,1294
Fanci,-0.88,0.0404278472157669,31,32,62,113,110,164
Sulf2,0.54,0.04042911733626963,157,119,160,144,155,210
Washc2,0.41,0.040442115579313584,579,426,710,501,793,915
Mapkapk2,-0.44,0.04048982931305071,1634,1069,1316,2566,3044,3643
Nodal,-2.2,0.040552012805698374,1,3,1,9,16,16
Trim28,-0.57,0.040552012805698374,245,201,412,516,702,946
Pold1,-0.83,0.040573190887319976,31,29,31,62,97,122
Eogt,0.62,0.04061414475475294,179,99,172,97,205,197
Scrn2,-0.63,0.04080238318994751,75,39,63,104,174,187
Nudt16l1,-0.72,0.04083601423254473,79,49,122,147,223,330
Mid2,-0.63,0.040839839977931947,68,52,59,122,159,196
Pomp,-0.38,0.040874337312922324,1107,755,1324,1715,2576,2701
Map4k4,0.52,0.04091532084014585,680,364,644,572,520,861
Nat9,0.56,0.04092194405917714,168,137,196,123,212,256
Borcs5,-0.57,0.040941693169803485,109,56,102,172,198,296
Slc45a4,-0.58,0.04096865536727564,322,124,294,478,558,774
Mief2,-0.52,0.04097773914364454,519,442,550,1148,1122,1400
Gm16118,-0.95,0.04103140138962328,41,19,57,124,128,109
Tuba4a,0.43,0.0410428428452163,7257,5094,8526,6422,9806,9946
Hoxa9,0.54,0.041088957730163536,187,131,273,186,219,268
Lrp10,-0.51,0.0411077191402515,190,105,233,284,436,546
Akap6,-0.47,0.04113965089774298,927,682,764,1343,1964,2440
Eral1,-0.52,0.04114872851771271,198,97,149,272,344,450
Dhx32,-0.38,0.0411654473628286,508,370,577,871,1152,1172
Tnfrsf23,0.95,0.04120002913620448,96,36,73,31,80,67
Prkar1a,-0.42,0.04130345674917399,1756,1027,2127,2878,3559,4444
Nlrx1,-0.52,0.041315131990003945,102,70,116,165,233,306
Pcdhgc3,-0.44,0.041315131990003945,292,189,370,500,605,831
Mdm2,0.39,0.041315131990003945,1030,556,1080,837,1247,1301
Arhgef12,0.45,0.04137739341484833,1123,565,834,845,1020,1212
Cybc1,-0.72,0.04139781008195317,46,30,59,106,138,123
Slc44a1,-0.44,0.04140715951649009,339,170,329,523,602,743
Efhd1,-1.1,0.041473494623928395,44,29,27,142,98,111
Dock7,-0.54,0.041473494623928395,151,71,128,202,282,369
Gm40634,2.09,0.04154004791785146,13,19,17,1,3,16
Gm22748,-1.99,0.04157736704033262,1,1,3,8,13,14
A930028N01Rik,1.47,0.04157736704033262,120,160,70,60,70,102
Enho,-0.78,0.041612889937174206,48,53,80,111,214,217
Fgd5,0.71,0.04162924216997048,164,130,208,151,123,248
Enah,0.78,0.04169677170043324,697,583,446,464,647,663
Lims1,-0.6,0.041715842454504076,583,444,409,1046,1350,1366
Pigf,-0.51,0.04171858449356674,317,174,215,442,581,673
Map2k1,-0.44,0.04171858449356674,454,358,642,816,1187,1344
Rgp1,0.48,0.04171858449356674,340,263,394,285,495,446
Cdc42bpg,0.59,0.04171858449356674,118,79,142,113,125,135
Gm17508,-0.95,0.041745352537531,24,15,38,69,100,76
Shisa2,-0.52,0.041745352537531,1012,744,1589,2184,2519,3258
Ddx18,0.46,0.041745352537531,230,163,299,208,288,355
Asb10,-0.51,0.04175984524217038,891,588,637,1273,1956,1951
Vps33a,0.4,0.041794780716640445,625,451,587,534,796,835
Gm13372,-1.37,0.04180110600727602,7,9,7,22,30,52
Nr4a2,-1.16,0.041818557803844296,67,37,24,120,128,249
Rbm33,0.49,0.041818557803844296,641,494,614,481,879,796
Usp54,0.72,0.04185017977868931,279,219,364,156,302,468
Dnase1l2,-1.3,0.04186325954832172,8,9,9,19,44,49
Prickle3,0.62,0.04189234611242083,331,318,367,252,364,564
LOC115487369,0.49,0.04189960001860647,1120,608,759,800,976,1219
Lias,0.35,0.04193352908632405,969,656,1027,946,1230,1315
Mir8114,-0.82,0.041955685825901166,106,119,123,200,384,529
Chordc1,0.49,0.041955685825901166,1894,834,1390,1305,1699,1813
Diaph2,0.57,0.041955685825901166,136,86,117,112,123,147
Fnbp4,0.58,0.041955685825901166,415,313,486,255,559,607
Slc39a9,-0.49,0.041964491559905545,132,84,118,200,289,303
Shroom4,0.56,0.041992911531604366,137,90,149,101,136,200
Cbfa2t2,-0.59,0.042013214403799605,105,49,114,159,244,266
Chp2,0.75,0.042013214403799605,122,68,158,115,93,126
Gm40733,0.84,0.042013214403799605,58,52,83,34,64,89
Prss8,-1.14,0.042138040664748064,15,5,11,27,40,48
Hacd1,-0.6,0.04222515809109483,885,326,712,1163,1496,2141
Lrrfip1,0.59,0.04223395182816728,3262,2125,4119,1971,4091,4870
Gm14853,0.68,0.04223395182816728,135,61,112,82,129,105
Dennd2c,-1.09,0.0422644583275285,23,9,38,52,107,89
Rab4b,-0.68,0.04227015332925395,44,32,49,99,109,128
Gm6158,-0.64,0.04227015332925395,63,49,68,110,152,225
Tmem238,-1.17,0.04234057687396386,12,8,18,27,45,76
Cenpx,0.48,0.04234057687396386,228,164,306,199,294,357
Kdm5d,0.53,0.04246287774207306,328,171,222,214,304,320
Gmcl1,-0.83,0.04247087406352924,29,22,52,84,96,126
Tmod2,0.55,0.04250982100550024,224,122,204,195,184,239
Ubr5,0.39,0.04253667936933891,2049,1238,1812,1625,2493,2456
Eif3h,0.41,0.04267128228594888,1712,1417,2114,1677,2342,2755
Zfp974,-0.68,0.04268294097501002,43,34,52,87,111,156
9130221H12Rik,0.44,0.04268294097501002,456,390,626,468,641,739
Ctcf,0.44,0.042736651284161764,722,562,842,698,1039,916
Myh1,1.61,0.04276045813883858,194342,119017,50390,51882,66216,94199
Mycl,-2.05,0.04277549737353559,1,4,3,12,29,17
P4hb,-0.38,0.04277549737353559,1813,1069,2013,2759,3486,4362
Ccdc25,0.53,0.042799294453612566,830,365,571,543,746,727
Stam2,-0.52,0.04281066082663869,130,64,122,180,268,310
Trub2,-0.46,0.04281066082663869,213,156,186,350,443,517
Tmem255b,0.5,0.04281066082663869,149,100,152,129,152,198
Vezt,0.55,0.042866344737051906,509,391,814,466,780,716
Gm38514,-2.18,0.042896004320520716,1,4,1,12,16,20
Col28a1,-1.77,0.042896004320520716,6,23,6,51,64,101
Cytip,-1.57,0.042896004320520716,8,1,7,24,21,35
Fcrl2,-1.2,0.042896004320520716,31,4,27,58,86,90
Cenpv,0.74,0.042896004320520716,165,172,172,137,148,257
Alg3,0.8,0.04291265967237175,203,132,187,105,128,294
Gnb3,-1.45,0.04292147703063536,6,8,6,25,23,47
Apold1,-0.97,0.04292147703063536,37,42,78,178,133,197
Etv5,-0.59,0.04292147703063536,94,57,98,185,177,261
Keap1,0.5,0.04292147703063536,1212,784,1739,1014,1474,1964
Git1,0.37,0.04292967920327923,454,281,439,380,554,607
Itpr3,0.82,0.04292967920327923,54,38,80,46,45,72
Malat1,0.63,0.042947442866465096,13963,9497,13749,7998,18513,15111
Gm53207,0.91,0.042947442866465096,91,55,47,44,66,66
Zcwpw1,1.57,0.042947442866465096,13,17,17,7,5,15
Trim2,-0.8,0.043134530347702794,42,20,38,83,79,129
Sirt1,-0.54,0.043134530347702794,138,112,145,291,340,337
Gm36112,1.97,0.04314510765199245,25,20,13,4,18,3
Gm36161,1.7,0.04338731441046699,32,7,36,9,5,24
Gm46543,-2.05,0.04339902255822969,2,1,5,19,25,12
Gm53342,1.09,0.043426195513364886,29,22,41,24,16,32
Raf1,-0.37,0.04344741467673601,1135,791,1202,1606,2534,2775
Fam151a,-1.4,0.04345920027609873,36,16,7,53,96,121
Ppp2cb,-0.43,0.04348737771394459,346,294,421,669,814,950
Rcan3,-0.84,0.04354882644036714,30,16,46,67,100,107
Eri3,-0.39,0.04356128433461749,560,381,659,834,1361,1357
Gm35835,-1.05,0.04357606887800183,34,18,21,65,117,70
Mcl1,0.48,0.04359596840140774,3193,2896,3630,2846,4294,5036
Sh3d21,0.94,0.04361520444270766,38,24,32,17,34,32
Slc43a1,-0.54,0.04367617726943475,207,158,277,356,668,562
Hes3,-1.92,0.0437699553172715,1,3,7,14,18,41
Dennd2d,-1.01,0.0437699553172715,23,9,22,53,71,55
Tgm4,-0.77,0.0437699553172715,54,34,37,94,145,122
Nbl1,-0.58,0.0437699553172715,159,102,204,367,327,442
Fzr1,-0.5,0.0437699553172715,120,91,137,214,261,363
Lbr,-0.45,0.0437699553172715,222,151,272,426,456,583
Fam8a1,-0.38,0.0437699553172715,455,323,449,743,912,1038
Ttc28,0.44,0.0437699553172715,263,158,290,235,268,371
Tmem47,0.68,0.0437699553172715,439,208,241,272,312,337
Gpr182,1.4,0.0437699553172715,20,22,31,5,15,28
Tppp2,1.65,0.0437699553172715,12,8,31,4,11,12
Cenpa,-1.28,0.04385234830271396,12,8,8,36,27,52
Arpc5,-0.48,0.04385234830271396,275,141,305,469,510,664
Gns,-0.37,0.04385234830271396,396,283,447,626,804,1055
Ezr,0.67,0.04385234830271396,109,56,78,62,90,107
LOC630077,1.66,0.04385234830271396,38,11,13,13,8,11
Nctc1,0.56,0.04402978995445568,1236,895,2055,1079,1743,1946
Lrrc75a,0.87,0.04402978995445568,69,50,107,44,56,111
Gm10865,0.91,0.04402978995445568,95,51,175,57,103,123
Lcp1,-0.97,0.0440803626864476,89,22,52,157,190,166
Gm5105,-0.77,0.044091443056201586,58,23,69,124,139,153
Ctps,-0.49,0.044091443056201586,184,107,175,284,435,371
Polr3c,0.44,0.04410561277612635,258,207,305,232,347,396
Enpp5,-0.42,0.04413487964841682,209,140,245,343,427,572
Abat,-1.28,0.04414050699883634,25,29,10,74,85,115
Cdip1,-0.34,0.04419045858064505,782,514,850,1131,1569,1906
Gm34962,1.12,0.04419529569402225,29,50,56,29,34,45
Donson,-0.93,0.044208834603581694,28,17,19,42,83,85
Paxx,-0.71,0.04424445411841753,53,39,66,105,187,143
Hspa1b,0.93,0.04425413098254239,99,116,131,51,117,160
3300002P13Rik,-0.53,0.044266026618419704,131,77,165,256,300,326
Cog2,-0.56,0.044294809022960964,97,82,111,181,285,264
Arpc5l,0.4,0.044294809022960964,1809,1292,1656,1647,2200,2304
6330418K02Rik,1.42,0.044294809022960964,20,8,33,13,9,15
Gm36608,-2.51,0.04447988767469645,3,3,0,8,15,39
Ovol3,-0.65,0.04456218818171925,135,82,212,334,362,390
St8sia5,-0.54,0.04456218818171925,206,132,211,330,371,670
Mknk1,0.41,0.04456218818171925,357,217,354,284,454,442
Med12,0.65,0.04456218818171925,396,356,429,241,498,613
Itfg2,-0.61,0.044584230415026224,136,65,104,226,217,332
Bmper,-0.84,0.04463591555559421,61,45,134,167,274,273
Ap1g2,-0.72,0.04470833140144327,65,36,46,85,160,172
Robo4,0.67,0.04471743570453958,186,192,245,136,278,280
Gm32819,1.52,0.044752241030001895,18,10,10,7,8,7
Myg1,-0.58,0.04476637622152211,77,59,81,132,177,250
Smpx,-0.47,0.04478803664009824,2859,2558,3732,5522,7947,8310
Fmnl1,0.74,0.04479375336781426,90,63,106,64,67,134
Cdc42ep3,-0.5,0.044811010090153126,390,261,590,807,959,1123
Zdhhc23,1.32,0.044811010090153126,207,194,104,88,162,110
Fastkd3,-0.71,0.044831598385227225,86,40,62,140,203,163
Fbxl4,-0.63,0.044831598385227225,143,113,236,320,525,424
Fam3c,0.49,0.044845198787148724,321,153,257,199,315,360
Rps24,0.5,0.044845198787148724,4351,3275,6654,4115,5722,7151
Naa20,-0.36,0.044948651362748025,342,210,361,530,680,751
Gm17753,-1.22,0.04498074248074672,12,5,9,21,44,38
Adcy7,-0.88,0.04500628352078466,82,31,37,132,155,171
Slc31a1,-0.51,0.04500628352078466,245,137,170,357,465,499
Gm46055,-1.54,0.04501151892402084,7,4,15,18,40,74
Mplkip,-0.6,0.04503020402423526,71,44,63,130,152,168
Lrp1,-0.42,0.04505419137060472,560,304,551,800,949,1441
Gm15471,-1.61,0.04512121830412027,4,4,9,12,32,47
Gm42922,-1.14,0.04512121830412027,29,8,13,47,54,84
Tcirg1,-0.78,0.045158522158412664,47,26,39,75,93,161
Sox4,-0.77,0.045158522158412664,86,39,45,119,164,209
Tlcd4,-0.45,0.045158522158412664,478,283,577,773,1205,1049
Tmed9,0.44,0.045158522158412664,1045,600,1108,731,1160,1576
Magi1,0.78,0.045158522158412664,87,62,71,57,57,107
Scyl3,-0.75,0.045167748751622806,63,65,59,130,220,202
Spats2,-0.68,0.04523310886928587,48,29,38,80,111,122
Pdp1,-0.48,0.04523310886928587,1683,932,1201,2537,2810,3548
Ubl7,0.47,0.04526098481528988,664,526,1020,721,920,1020
Smap2,0.45,0.045280916128367,297,173,278,215,364,348
Tcf4,-0.37,0.04534605461988783,986,553,826,1314,1748,2080
Zfp108,0.82,0.04540329819041347,69,65,61,43,77,73
Gm13778,-0.5,0.04544251294036929,118,83,154,207,313,323
Ociad1,0.38,0.04544251294036929,1701,1218,2086,1570,2250,2734
Gja5,0.95,0.04544251294036929,82,24,79,46,47,62
H2-T24,0.8,0.04552140309751561,54,36,79,50,50,60
Usp48,0.42,0.04556724689614298,372,270,354,296,448,543
Necab1,-1.79,0.04557941355753748,2,5,10,40,21,37
Asb14,-0.41,0.04557941355753748,1663,925,1728,2501,3627,3334
Naa15,0.44,0.04557941355753748,1854,861,1448,1250,1853,2004
Mipol1,0.74,0.04557941355753748,68,66,97,51,96,91
Gm19522,1.34,0.04557941355753748,33,23,17,15,10,24
Mrpl36,-0.51,0.045635967611192804,226,180,191,385,534,549
Zfp458,0.98,0.045635967611192804,38,33,46,24,47,29
Gm32013,-1.23,0.04567271921999692,12,4,13,38,32,42
Hnrnpa1,0.41,0.0456937138136486,812,634,959,691,1124,1315
Slc30a7,-0.62,0.04571232348209704,108,51,74,144,200,262
Zfp965,2.13,0.04571232348209704,12,11,19,0,12,4
Mir7654,-0.86,0.04581939490889208,41,17,46,59,122,139
Slc25a25,-2.29,0.04586050192766648,305,640,1412,3329,6539,10721
Pisd-ps3,-0.67,0.04597050288473655,72,42,81,102,218,210
Polb,0.38,0.045979498273588174,925,551,857,872,980,1126
Sox7,0.77,0.045979498273588174,76,51,55,41,59,84
Tln2,0.36,0.045990621530108085,1377,859,1464,1166,1589,2131
Apoc1,-1.66,0.04603607585361902,6,6,21,40,95,39
Gm30922,-0.94,0.04603607585361902,42,16,20,62,92,98
Sgca,0.49,0.04603607585361902,2011,1669,2699,1655,2872,3384
Tob1,-0.58,0.04605273049273804,2657,2393,3659,6732,6048,9175
Romo1,0.54,0.046110491481160025,1415,801,1962,1294,1783,1594
Cdc16,0.5,0.04615097917146971,546,408,468,522,537,651
Gon4l,0.52,0.04615816712315525,205,145,308,192,271,304
Cyc1,-0.47,0.04618051558015808,2544,1513,1837,3771,4387,5736
Gm31255,-1.57,0.04627019474651563,9,6,3,24,42,25
Lipt2,-0.86,0.04627564914998152,23,29,41,80,101,107
Ndufs5,0.36,0.04632747746843679,668,454,716,566,899,977
B4galt1,-0.37,0.046406373918755905,430,288,483,729,901,958
Lzic,0.49,0.04645725310980236,235,129,182,178,214,260
Mafk,0.81,0.04651292355901567,514,355,267,270,400,467
Atp2b1,0.48,0.04652466249343939,1740,1106,1250,1206,1866,2009
Mrpl33,-0.43,0.04656909568851224,1262,915,1497,2525,2747,2949
Lsm8,0.5,0.04663572815034771,221,155,246,230,226,273
Comp,1.83,0.046758999700361875,841,376,206,175,257,252
Cracd,1.36,0.046763587286917534,89,88,45,52,32,68
Gm53684,1.77,0.0467742210169813,50,43,34,20,4,41
Ro60,-0.53,0.04682584612704222,141,91,124,264,265,327
Gstm5,0.69,0.04686263520919671,995,972,2016,1143,1448,1532
Exosc10,0.43,0.046865878607881176,397,281,432,337,431,649
Tomm20l,-1.24,0.046897911899290254,7,9,9,22,32,49
Or51e2,-1.19,0.046897911899290254,17,16,11,34,80,60
Prkcd,-0.68,0.046897911899290254,85,36,89,142,223,186
Tubg1,0.41,0.04691878401981878,296,196,348,283,336,444
Fras1,-1.39,0.04697248157916142,25,20,11,40,133,85
Fam107a,1.52,0.04697248157916142,92,140,190,32,81,158
Borcs6,-0.59,0.047088665134854726,106,98,171,233,367,358
Ist1,-0.48,0.047088665134854726,372,346,477,650,1043,1225
Rnf144b,-0.4,0.047088665134854726,479,364,501,698,1128,1228
Gm53466,0.82,0.047110855340748325,54,43,61,32,45,78
Prkag1,-0.4,0.04728926108923756,427,235,368,646,733,878
Zc4h2,-1.25,0.047307891894889646,20,3,16,49,44,59
LOC115487949,0.78,0.04732563882167078,67,55,62,38,77,71
Sik2,0.54,0.047336930813999464,324,233,524,294,452,502
Ddo,0.46,0.04736279364573106,767,442,536,546,783,819
Tbcel,-0.51,0.04738302613961778,188,151,165,316,401,527
Nop56,0.38,0.04738302613961778,961,743,1030,883,1209,1542
Ermp1,-0.8,0.04751242169874388,270,93,146,384,581,478
Pcdh1,0.67,0.047573488521939544,70,54,103,65,75,99
Arid5a,0.87,0.04759177214641549,85,60,73,35,64,112
Sec24a,0.4,0.04761090446649313,617,441,800,559,879,950
Vcpkmt,1.08,0.04761090446649313,40,31,103,36,48,51
Col16a1,-0.64,0.04763220825611745,98,47,63,135,203,209
Gm31725,1.14,0.04763220825611745,48,27,27,18,38,22
Arid3b,0.98,0.04766637735492495,37,39,69,22,49,56
Wnt9a,-0.55,0.047680688579150095,108,64,108,213,225,238
Micall1,0.52,0.047680688579150095,234,208,236,197,277,354
Aars,0.43,0.04768728888467103,1841,1428,1918,1446,2446,2824
Zscan12,0.51,0.04769867440145122,200,138,221,205,196,249
Car3,0.76,0.04769867440145122,42260,53470,60471,37386,59977,67869
Gm10785,-1.05,0.04772228311838996,31,20,36,59,160,86
Cmc4,-0.69,0.04779381252837877,46,42,49,103,140,134
Acmsd,1.63,0.04783795257351909,14,8,10,7,4,6
Dvl2,-0.76,0.04784024509644834,44,20,34,78,84,114
Chchd1,0.34,0.04784024509644834,1681,1114,1677,1582,2119,2229
Gm52885,0.65,0.04784024509644834,95,66,81,72,77,114
4930533K18Rik,-0.89,0.04784221013464111,42,13,40,66,91,137
Mir1839,-0.79,0.047919015402995487,55,30,53,77,185,144
Bmi1,-0.46,0.04795708562027941,495,317,445,777,1166,947
Cfap251,0.92,0.04795708562027941,54,24,40,32,27,44
Qrsl1,-0.55,0.047975222671955406,205,97,134,286,376,403
Bcl10,-0.63,0.04798777425457649,104,60,155,221,303,281
Tas1r1,-1.78,0.04801301171211826,5,3,10,12,31,66
Tnfaip6,-1.31,0.04801301171211826,14,6,16,48,28,73
Zfc3h1,-0.53,0.04801301171211826,210,121,166,264,503,458
Exosc9,0.39,0.04801301171211826,612,347,535,445,663,835
Tlk1,0.39,0.04801301171211826,885,499,731,717,993,1001
0610040F04Rik,-0.62,0.04803153818400986,87,64,139,211,223,306
Cdk9,0.54,0.048092332463763404,236,160,368,212,298,368
Cntrl,0.67,0.0481039184297598,297,277,317,181,416,400
Spata24,0.78,0.04812128741905193,62,44,108,55,76,75
TrnQ,1.96,0.04814145260884738,7511,3535,1726,1663,1938,1954
Rab29,-0.85,0.04816745115204865,37,14,33,69,98,82
Adrb2,-0.47,0.04824371562107713,418,316,336,670,883,1006
Gm20036,1.03,0.04830683170034448,28,19,21,16,18,22
H2-Eb1,-0.84,0.048338638771793056,192,78,279,325,572,730
E530011L22Rik,-0.93,0.04839626429489715,23,17,17,41,60,87
Stard4,-1.41,0.0484279016494967,28,11,25,128,63,75
Fam98a,0.33,0.0484279016494967,815,487,803,751,925,1117
Arhgap6,0.58,0.0484279016494967,122,114,176,112,158,204
Wdfy1,1.5,0.0484279016494967,351,62,197,67,151,129
Syngr2,-0.52,0.04849525490597872,1111,1000,1700,2068,3218,4222
Dhx37,0.6,0.04849525490597872,99,58,97,71,86,127
Mir8097,-1.48,0.048539460955845985,4,6,5,21,19,32
Tmem117,-0.58,0.04855881590942296,234,120,140,299,445,514
Xpnpep1,-0.39,0.04857863079222631,268,200,286,421,562,706
Ddx11,2,0.048622595388672904,14,13,13,1,2,14
Herc3,-0.54,0.048649678397898584,611,327,389,842,1257,1142
Car14,0.49,0.048649678397898584,544,453,828,584,658,951
Dgcr2,-0.44,0.048712470358096734,202,162,250,390,440,587
Trit1,-0.57,0.048757918474004985,99,46,80,146,185,224
Dhodh,-0.58,0.048895275270006554,71,67,96,158,196,247
Kctd12,-0.55,0.048895275270006554,183,74,160,238,352,420
Ttc7,-0.64,0.048948193391141835,79,57,135,183,228,291
Angptl2,-0.58,0.04899765367081942,499,279,574,711,987,1757
2410002F23Rik,-0.7,0.049000083514245805,45,38,59,116,142,127
Zfp174,-0.75,0.04901437880832294,38,20,45,84,104,97
Map3k15,-0.51,0.04903513875594468,3000,1910,2064,4614,5677,6613
Vamp7,-0.41,0.04905549353654353,285,182,269,476,513,645
Acox3,-0.43,0.04912873879731591,180,114,155,258,369,404
Sec61g,0.98,0.04912873879731591,36,24,31,13,31,35
Fam32a,0.74,0.04912897699440239,337,343,268,275,359,373
COX3,-1.28,0.049149329677288786,2101,1084,803,5318,5777,5006
Cbarp,-0.41,0.049149329677288786,270,204,315,471,671,632
Ndufa7,-0.47,0.04915289389208917,1355,1085,1707,2928,3316,3294
D6Wsu163e,0.65,0.04918571339972394,201,119,127,141,141,199
Cinp,0.49,0.0491973354934706,285,258,306,248,369,441
Zfp62,0.45,0.04923463387816209,668,507,568,544,818,856
Thap11,-0.49,0.04926191735209162,158,113,201,272,341,518
Cd209g,-1.89,0.049291247847580016,2,2,5,15,29,13
Cd2bp2,0.38,0.049342052099208236,437,262,509,405,533,612
Sall2,-1.1,0.0493466953779517,11,8,14,37,45,36
Mapk6,-0.43,0.04935978126252808,425,227,311,559,760,869
Gm46162,2.23,0.049378551844573466,129,53,19,14,37,22
Max,0.55,0.049401713039273716,367,250,597,312,499,574
Rcn1,-0.42,0.0495520251389415,269,137,229,368,496,546
Csf1r,-0.59,0.04956427706204411,183,87,122,233,397,359
1700034H15Rik,-1.78,0.049573509919794014,3,2,7,19,13,39
Sod2,0.47,0.049573509919794014,5403,3422,3925,4099,5549,6041
Alox5,1.38,0.04959122379500027,39,9,21,9,12,23
Gm19774,0.77,0.049612182333232564,46,30,62,38,47,49
Notch1,0.56,0.04963647948909476,127,98,189,131,158,179
Gm51544,1.07,0.049671419585113445,80,91,91,52,44,127
Nkx6-2,-0.89,0.04969821768852325,62,87,133,238,368,282
Nudt19,-0.39,0.04969839257933659,493,355,513,842,1091,1058
Gpld1,0.48,0.04973614847492151,336,184,255,215,365,361
Tomm7,0.38,0.04985288555220049,859,503,975,806,1082,1086
Dpm1,0.38,0.04995726084332245,874,707,1029,875,1125,1443
B230206H07Rik,1.76,0.04995726084332245,12,15,18,12,3,7
Golim4,0.68,0.04998358771311474,671,242,469,370,392,664
9330020H09Rik,0.96,0.04998358771311474,37,34,36,28,37,28
C8g,-1.13,0.049991506659457334,11,6,9,27,28,41
Elp5,-0.38,0.049991506659457334,348,187,361,477,666,812
